{
    "code": 200,
    "bcode": "00000",
    "msg": "请求成功",
    "data": {
        "records": [
            {
                "petId": 147076,
                "oldPetId": "2c9244fd7e96580c017e9897d292039d",
                "petName": "小黑",
                "petCode": "G220216004-24",
                "petType": "dog",
                "petTypeRemark": null,
                "petTypeBreed": "",
                "uuid": 1020268,
                "historyUuids": null,
                "rejectAdoptUuids": null,
                "employeeUuid": 1010078,
                "avatar": "https://img.hellothepaw.net/adopt/aliyun_1691505055840645.png",
                "sex": 2,
                "weight": "3.00",
                "weightType": "小型",
                "ageType": "成年",
                "ageMonth": "16",
                "hairType": "针毛",
                "hairLength": "短毛",
                "isHealth": 1,
                "healthDescription": null,
                "adoptNeedAddress": "广东省,广州市,无",
                "isVaccine": 1,
                "isDeworm": 1,
                "isNeuter": 1,
                "isShared": 0,
                "isTop": 0,
                "topNumber": 0,
                "latitude": "23.09297",
                "longitude": "113.269691",
                "address": "广东省广州市海珠区青柳大街28号",
                "addressName": "寸草堂",
                "city": "广州市",
                "province": "广东省",
                "imgs": "https://img.hellothepaw.net/adopt/aliyun_1691505055840645.png,https://img.hellothepaw.net/adopt/aliyun_1691505058746764.png,https://img.hellothepaw.net/adopt/aliyun_1691505062132503.png,https://img.hellothepaw.net/adopt/aliyun_1691505064546413.png,https://img.hellothepaw.net/adopt/aliyun_1691505068481648.png,https://img.hellothepaw.net/adopt/aliyun_1691505072326123.png,https://img.hellothepaw.net/adopt/aliyun_1691505075284794.png,https://img.hellothepaw.net/adopt/aliyun_169150507815764.png,https://img.hellothepaw.net/adopt/aliyun_1691505082938709.png",
                "petDescription": "性格活泼，亲人，忠心耿耿，",
                "adoptConditions": "不接受租屋领养",
                "adoptStatus": "待领养",
                "sourceType": "nice_help",
                "sourceRemark": "2022年7月在越秀区附近快递店员工弃养，被成功救助，",
                "characterDescription": "活泼可爱，亲人",
                "applyStatus": "pass",
                "rejectReason": "",
                "isDelete": 0,
                "showScopes": null,
                "popularUpdateTime": null,
                "topUpdateTime": null,
                "infoUpdateTime": "2023-08-08 22:32:09",
                "applyUpdateTime": null,
                "adoptUpdateTime": "2022-01-27 00:00:00",
                "refreshTime": "2025-02-01 13:41:41",
                "createTime": "2022-01-27 06:53:14",
                "updateTime": "2025-02-01 13:41:41",
                "isAdopt": 1,
                "isAdoptCloud": 0,
                "isIdCard": 1,
                "rollBackAgreement": null,
                "remark": "",
                "shelfActionId": null,
                "isHalfway": 0
            },
            {
                "petId": 140598,
                "oldPetId": "2c9244fd7e96580c017e98a134ae03ce",
                "petName": "咖啡",
                "petCode": "G220127001",
                "petType": "dog",
                "petTypeRemark": null,
                "petTypeBreed": "",
                "uuid": 1020268,
                "historyUuids": null,
                "rejectAdoptUuids": "1198558,1245534",
                "employeeUuid": 1010078,
                "avatar": "https://img.hellothepaw.net/adopt/aliyun_169150492935215.png",
                "sex": 2,
                "weight": "5.00",
                "weightType": "小型",
                "ageType": "成年",
                "ageMonth": "12",
                "hairType": "卷毛",
                "hairLength": "中毛",
                "isHealth": 1,
                "healthDescription": null,
                "adoptNeedAddress": "广东省,广州市,无",
                "isVaccine": 1,
                "isDeworm": 1,
                "isNeuter": 1,
                "isShared": 0,
                "isTop": 0,
                "topNumber": 0,
                "latitude": "23.181284",
                "longitude": "113.205803",
                "address": "广东省佛山市南海区工业大道与桥兴大街交叉口正东方",
                "addressName": "中海·金沙里",
                "city": "佛山市",
                "province": "广东省",
                "imgs": "https://img.hellothepaw.net/adopt/aliyun_169150492935215.png,https://img.hellothepaw.net/adopt/aliyun_1691504933896581.png,https://img.hellothepaw.net/adopt/aliyun_1691504936700405.png,https://img.hellothepaw.net/adopt/aliyun_1691504940480622.png,https://img.hellothepaw.net/adopt/aliyun_1691504943118522.png,https://img.hellothepaw.net/adopt/aliyun_1691504947297148.png,https://img.hellothepaw.net/adopt/aliyun_1691504950000909.png,https://img.hellothepaw.net/adopt/aliyun_1691504953011560.png,https://img.hellothepaw.net/adopt/aliyun_1691504957974283.png",
                "petDescription": "非常听话，不叫，亲人，胆子小，",
                "adoptConditions": "不接受租屋",
                "adoptStatus": "待领养",
                "sourceType": "nice_help",
                "sourceRemark": "2022年1月，原来主人回老家过年弃养，被成功救助。",
                "characterDescription": "温顺听话，胆小，",
                "applyStatus": "pass",
                "rejectReason": "",
                "isDelete": 0,
                "showScopes": null,
                "popularUpdateTime": null,
                "topUpdateTime": null,
                "infoUpdateTime": "2023-08-08 22:30:04",
                "applyUpdateTime": null,
                "adoptUpdateTime": "2022-01-27 00:00:00",
                "refreshTime": "2025-02-01 13:41:31",
                "createTime": "2022-01-27 07:03:29",
                "updateTime": "2025-02-01 13:41:30",
                "isAdopt": 1,
                "isAdoptCloud": 0,
                "isIdCard": 1,
                "rollBackAgreement": null,
                "remark": "",
                "shelfActionId": null,
                "isHalfway": 0
            },
            {
                "petId": 140953,
                "oldPetId": "2c9244fd7f68cc2a017f739c16781967",
                "petName": "嘉嘉",
                "petCode": "G220310001",
                "petType": "dog",
                "petTypeRemark": null,
                "petTypeBreed": "",
                "uuid": 1020268,
                "historyUuids": null,
                "rejectAdoptUuids": null,
                "employeeUuid": 1010078,
                "avatar": "https://img.hellothepaw.net/adopt/aliyun_1696428911388685.png",
                "sex": 2,
                "weight": "4.00",
                "weightType": "小型",
                "ageType": "成年",
                "ageMonth": "18",
                "hairType": "针毛",
                "hairLength": "短毛",
                "isHealth": 1,
                "healthDescription": null,
                "adoptNeedAddress": "广东省,广州市,无",
                "isVaccine": 1,
                "isDeworm": 1,
                "isNeuter": 1,
                "isShared": 0,
                "isTop": 0,
                "topNumber": 0,
                "latitude": "23.181284",
                "longitude": "113.205803",
                "address": "广东省佛山市南海区工业大道与桥兴大街交叉口正东方",
                "addressName": "中海·金沙里",
                "city": "佛山市",
                "province": "广东省",
                "imgs": "https://img.hellothepaw.net/adopt/aliyun_1696428911388685.png,https://img.hellothepaw.net/adopt/aliyun_1696428915122479.png,https://img.hellothepaw.net/adopt/aliyun_1696428919523578.png,https://img.hellothepaw.net/adopt/aliyun_1696428922764591.png,https://img.hellothepaw.net/adopt/aliyun_1696428928143775.png,https://img.hellothepaw.net/adopt/aliyun_1696428933319487.png",
                "petDescription": "听话，笑容可掬，",
                "adoptConditions": "不接受租屋申请",
                "adoptStatus": "待领养",
                "sourceType": "nice_help",
                "sourceRemark": "2022年2月在广州荔湾高铁轨道救助",
                "characterDescription": "亲人，听话，忠心耿耿",
                "applyStatus": "pass",
                "rejectReason": "",
                "isDelete": 0,
                "showScopes": null,
                "popularUpdateTime": null,
                "topUpdateTime": null,
                "infoUpdateTime": "2023-10-04 22:15:42",
                "applyUpdateTime": null,
                "adoptUpdateTime": "2024-03-16 18:33:11",
                "refreshTime": "2025-02-01 13:41:23",
                "createTime": "2022-03-10 19:34:44",
                "updateTime": "2025-02-01 13:41:22",
                "isAdopt": 1,
                "isAdoptCloud": 0,
                "isIdCard": 1,
                "rollBackAgreement": null,
                "remark": "",
                "shelfActionId": null,
                "isHalfway": 0
            },
            {
                "petId": 141170,
                "oldPetId": "2c9244fd7f68cc2a017ff994651f0aa1",
                "petName": "标仔",
                "petCode": "G220405001",
                "petType": "dog",
                "petTypeRemark": null,
                "petTypeBreed": "",
                "uuid": 1020268,
                "historyUuids": null,
                "rejectAdoptUuids": null,
                "employeeUuid": 1010078,
                "avatar": "https://img.hellothepaw.net/adopt/aliyun_1684848229459826.png",
                "sex": 1,
                "weight": "8.00",
                "weightType": "小型",
                "ageType": "成年",
                "ageMonth": "24",
                "hairType": "针毛",
                "hairLength": "中毛",
                "isHealth": 1,
                "healthDescription": null,
                "adoptNeedAddress": "广东省,广州市,无",
                "isVaccine": 1,
                "isDeworm": 1,
                "isNeuter": 1,
                "isShared": 0,
                "isTop": 0,
                "topNumber": 0,
                "latitude": "23.181284",
                "longitude": "113.205803",
                "address": "广东省佛山市南海区工业大道与桥兴大街交叉口正东方",
                "addressName": "中海·金沙里",
                "city": "佛山市",
                "province": "广东省",
                "imgs": "https://img.hellothepaw.net/adopt/aliyun_1684848229459826.png,https://img.hellothepaw.net/adopt/aliyun_1684848259894959.png,https://img.hellothepaw.net/adopt/aliyun_1684848262444548.png,https://img.hellothepaw.net/adopt/aliyun_1684848266838654.png,https://img.hellothepaw.net/adopt/aliyun_168484826985099.png,https://img.hellothepaw.net/adopt/aliyun_1684848272607866.png,https://img.hellothepaw.net/adopt/aliyun_168484827505032.png",
                "petDescription": "非常可爱，笑容可掬，活泼开朗，",
                "adoptConditions": "不接受租屋领养",
                "adoptStatus": "待领养",
                "sourceType": "nice_help",
                "sourceRemark": "2021在广州市荔湾区西湾路的一个车场救助",
                "characterDescription": "忠心耿耿，听话，",
                "applyStatus": "pass",
                "rejectReason": "",
                "isDelete": 0,
                "showScopes": null,
                "popularUpdateTime": null,
                "topUpdateTime": null,
                "infoUpdateTime": "2023-05-23 21:24:52",
                "applyUpdateTime": null,
                "adoptUpdateTime": "2022-04-08 00:36:48",
                "refreshTime": "2025-02-01 13:41:19",
                "createTime": "2022-04-05 19:55:26",
                "updateTime": "2025-02-01 13:41:18",
                "isAdopt": 1,
                "isAdoptCloud": 0,
                "isIdCard": 1,
                "rollBackAgreement": null,
                "remark": "",
                "shelfActionId": null,
                "isHalfway": 0
            },
            {
                "petId": 141228,
                "oldPetId": "2c9244fd8007f92801801aeed9942723",
                "petName": "好运",
                "petCode": "G220412005",
                "petType": "dog",
                "petTypeRemark": null,
                "petTypeBreed": "",
                "uuid": 1020268,
                "historyUuids": null,
                "rejectAdoptUuids": null,
                "employeeUuid": 1010078,
                "avatar": "https://img.hellothepaw.net/inpet/pet/694a48ccada04186b816892c8d49268d.png",
                "sex": 2,
                "weight": "6.00",
                "weightType": "小型",
                "ageType": "幼年",
                "ageMonth": "7",
                "hairType": "针毛",
                "hairLength": "短毛",
                "isHealth": 1,
                "healthDescription": null,
                "adoptNeedAddress": "广东省,广州市,无",
                "isVaccine": 1,
                "isDeworm": 1,
                "isNeuter": 0,
                "isShared": 0,
                "isTop": 0,
                "topNumber": 0,
                "latitude": "23.181284",
                "longitude": "113.205803",
                "address": "广东省佛山市南海区工业大道与桥兴大街交叉口正东方",
                "addressName": "中海·金沙里",
                "city": "佛山市",
                "province": "广东省",
                "imgs": "https://img.hellothepaw.net/inpet/pet/694a48ccada04186b816892c8d49268d.png,https://img.hellothepaw.net/inpet/pet/5b7adcc122c540e5915995fc628c94ee.png,https://img.hellothepaw.net/inpet/pet/094febfbcd6f4a9fa95e0cd13bb3e9d9.png",
                "petDescription": "非常听话，懂事",
                "adoptConditions": "不接受租屋申请",
                "adoptStatus": "待领养",
                "sourceType": "nice_help",
                "sourceRemark": "2022年3月在东莞莞城快速路绿化带救助",
                "characterDescription": "非常听话，安静",
                "applyStatus": "pass",
                "rejectReason": "",
                "isDelete": 0,
                "showScopes": null,
                "popularUpdateTime": null,
                "topUpdateTime": null,
                "infoUpdateTime": "2022-04-17 00:02:22",
                "applyUpdateTime": null,
                "adoptUpdateTime": "2022-04-17 00:02:22",
                "refreshTime": "2025-02-01 13:41:11",
                "createTime": "2022-04-12 07:21:43",
                "updateTime": "2025-02-01 13:41:10",
                "isAdopt": 1,
                "isAdoptCloud": 0,
                "isIdCard": 1,
                "rollBackAgreement": null,
                "remark": "狗狗是一枚安静的美少女",
                "shelfActionId": null,
                "isHalfway": 0
            },
            {
                "petId": 141545,
                "oldPetId": "2c9244fd80c71c520180ec13daa64132",
                "petName": "乖乖",
                "petCode": "G220522001",
                "petType": "dog",
                "petTypeRemark": null,
                "petTypeBreed": "",
                "uuid": 1020268,
                "historyUuids": null,
                "rejectAdoptUuids": null,
                "employeeUuid": 1010078,
                "avatar": "https://img.hellothepaw.net/inpet/pet/76d98e103f4d455a8194374d41f03a55.png",
                "sex": 1,
                "weight": "13.00",
                "weightType": "大型",
                "ageType": "成年",
                "ageMonth": "12",
                "hairType": "针毛",
                "hairLength": "短毛",
                "isHealth": 1,
                "healthDescription": null,
                "adoptNeedAddress": "广东省,广州市,无",
                "isVaccine": 1,
                "isDeworm": 1,
                "isNeuter": 1,
                "isShared": 0,
                "isTop": 0,
                "topNumber": 0,
                "latitude": "23.181284",
                "longitude": "113.205803",
                "address": "广东省佛山市南海区工业大道与桥兴大街交叉口正东方",
                "addressName": "中海·金沙里",
                "city": "佛山市",
                "province": "广东省",
                "imgs": "https://img.hellothepaw.net/inpet/pet/76d98e103f4d455a8194374d41f03a55.png,https://img.hellothepaw.net/inpet/pet/afbbbd4e98e447e3b0e1995972933cca.png,https://img.hellothepaw.net/inpet/pet/b1a386f9d84b498c9b608ba3d994c493.png,https://img.hellothepaw.net/inpet/pet/58381b0a6268490babd8a3f2cb77e8d9.png",
                "petDescription": "非常听话懂事，狗狗坐在身边，一直安静地陪伴，",
                "adoptConditions": "不接受租屋申请领养，谢谢，",
                "adoptStatus": "待领养",
                "sourceType": "nice_help",
                "sourceRemark": "2022年5月在江南西路救助，",
                "characterDescription": "听话亲人，随便摸，",
                "applyStatus": "pass",
                "rejectReason": "",
                "isDelete": 0,
                "showScopes": null,
                "popularUpdateTime": null,
                "topUpdateTime": null,
                "infoUpdateTime": "2022-05-22 00:00:00",
                "applyUpdateTime": null,
                "adoptUpdateTime": "2022-05-22 00:00:00",
                "refreshTime": "2025-02-01 13:41:04",
                "createTime": "2022-05-22 22:02:46",
                "updateTime": "2025-02-01 13:41:03",
                "isAdopt": 1,
                "isAdoptCloud": 0,
                "isIdCard": 1,
                "rollBackAgreement": null,
                "remark": "",
                "shelfActionId": null,
                "isHalfway": 0
            },
            {
                "petId": 141546,
                "oldPetId": "2c9244fd80c71c520180ec18aac5413f",
                "petName": "小光",
                "petCode": "G220522002",
                "petType": "dog",
                "petTypeRemark": null,
                "petTypeBreed": "",
                "uuid": 1020268,
                "historyUuids": null,
                "rejectAdoptUuids": null,
                "employeeUuid": 1010078,
                "avatar": "https://img.hellothepaw.net/adopt/aliyun_16846741724527.png",
                "sex": 1,
                "weight": "5.00",
                "weightType": "小型",
                "ageType": "成年",
                "ageMonth": "24",
                "hairType": "针毛",
                "hairLength": "短毛",
                "isHealth": 1,
                "healthDescription": null,
                "adoptNeedAddress": "广东省,广州市,无",
                "isVaccine": 1,
                "isDeworm": 1,
                "isNeuter": 1,
                "isShared": 0,
                "isTop": 0,
                "topNumber": 0,
                "latitude": "23.181284",
                "longitude": "113.205803",
                "address": "广东省佛山市南海区工业大道与桥兴大街交叉口正东方",
                "addressName": "中海·金沙里",
                "city": "佛山市",
                "province": "广东省",
                "imgs": "https://img.hellothepaw.net/adopt/aliyun_16846741724527.png,https://img.hellothepaw.net/adopt/aliyun_1684674174987970.png,https://img.hellothepaw.net/adopt/aliyun_1684674177595484.png,https://img.hellothepaw.net/adopt/aliyun_1684674180052923.png,https://img.hellothepaw.net/adopt/aliyun_1684674182690989.png,https://img.hellothepaw.net/adopt/aliyun_1684674185145252.png",
                "petDescription": "非常亲人，满面笑容，可爱无敌，",
                "adoptConditions": "不接受租屋申请领养，谢谢，",
                "adoptStatus": "待领养",
                "sourceType": "nice_help",
                "sourceRemark": "2022年4月在中海金沙里对面马路的草丛，被主人开车扔街，后来被车场保安发现，并救助，寄养，",
                "characterDescription": "非常安静听话",
                "applyStatus": "pass",
                "rejectReason": "",
                "isDelete": 0,
                "showScopes": null,
                "popularUpdateTime": null,
                "topUpdateTime": null,
                "infoUpdateTime": "2023-05-21 21:03:47",
                "applyUpdateTime": null,
                "adoptUpdateTime": "2022-05-22 00:00:00",
                "refreshTime": "2025-02-01 13:40:59",
                "createTime": "2022-05-22 22:08:01",
                "updateTime": "2025-02-01 13:40:59",
                "isAdopt": 1,
                "isAdoptCloud": 0,
                "isIdCard": 1,
                "rollBackAgreement": null,
                "remark": "",
                "shelfActionId": null,
                "isHalfway": 0
            },
            {
                "petId": 141639,
                "oldPetId": "2c9244fd80c71c5201811a5c36f311eb",
                "petName": "拉拉",
                "petCode": "G220531005",
                "petType": "dog",
                "petTypeRemark": null,
                "petTypeBreed": "",
                "uuid": 1020268,
                "historyUuids": null,
                "rejectAdoptUuids": null,
                "employeeUuid": 1010078,
                "avatar": "https://img.hellothepaw.net/adopt/aliyun_1696428799192807.png",
                "sex": 1,
                "weight": "20.00",
                "weightType": "大型",
                "ageType": "成年",
                "ageMonth": "12",
                "hairType": "针毛",
                "hairLength": "中毛",
                "isHealth": 1,
                "healthDescription": null,
                "adoptNeedAddress": "广东省,广州市,无",
                "isVaccine": 1,
                "isDeworm": 1,
                "isNeuter": 1,
                "isShared": 0,
                "isTop": 0,
                "topNumber": 0,
                "latitude": "23.181284",
                "longitude": "113.205803",
                "address": "广东省佛山市南海区工业大道与桥兴大街交叉口正东方",
                "addressName": "中海·金沙里",
                "city": "佛山市",
                "province": "广东省",
                "imgs": "https://img.hellothepaw.net/adopt/aliyun_1696428799192807.png,https://img.hellothepaw.net/adopt/aliyun_1696428803220136.png,https://img.hellothepaw.net/adopt/aliyun_169642880975088.png,https://img.hellothepaw.net/adopt/aliyun_1696428813325355.png,https://img.hellothepaw.net/adopt/aliyun_1696428819177735.png,https://img.hellothepaw.net/adopt/aliyun_1696428823127693.png",
                "petDescription": "非常听话，任摸，亲人，",
                "adoptConditions": "不接受租屋申请领养，谢谢，",
                "adoptStatus": "待领养",
                "sourceType": "nice_help",
                "sourceRemark": "2022年5月在犬留所救助出来，",
                "characterDescription": "非常听话，友善，",
                "applyStatus": "pass",
                "rejectReason": "",
                "isDelete": 0,
                "showScopes": null,
                "popularUpdateTime": null,
                "topUpdateTime": null,
                "infoUpdateTime": "2023-10-04 22:13:54",
                "applyUpdateTime": null,
                "adoptUpdateTime": "2022-06-03 01:18:12",
                "refreshTime": "2025-02-01 13:40:54",
                "createTime": "2022-05-31 21:44:20",
                "updateTime": "2025-02-01 13:40:54",
                "isAdopt": 1,
                "isAdoptCloud": 0,
                "isIdCard": 1,
                "rollBackAgreement": null,
                "remark": "接受稳定家庭领养",
                "shelfActionId": null,
                "isHalfway": 0
            },
            {
                "petId": 141693,
                "oldPetId": "2c9244fd80c71c5201813428a17542ec",
                "petName": "小雨",
                "petCode": "G220605006",
                "petType": "dog",
                "petTypeRemark": null,
                "petTypeBreed": "",
                "uuid": 1020268,
                "historyUuids": null,
                "rejectAdoptUuids": null,
                "employeeUuid": 1010078,
                "avatar": "https://img.hellothepaw.net/adopt/aliyun_1681044693058137.png",
                "sex": 1,
                "weight": "6.00",
                "weightType": "小型",
                "ageType": "成年",
                "ageMonth": "12",
                "hairType": "针毛",
                "hairLength": "中毛",
                "isHealth": 1,
                "healthDescription": null,
                "adoptNeedAddress": "广东省,广州市,无",
                "isVaccine": 1,
                "isDeworm": 1,
                "isNeuter": 1,
                "isShared": 0,
                "isTop": 0,
                "topNumber": 0,
                "latitude": "23.181284",
                "longitude": "113.205803",
                "address": "广东省佛山市南海区工业大道与桥兴大街交叉口正东方",
                "addressName": "中海·金沙里",
                "city": "佛山市",
                "province": "广东省",
                "imgs": "https://img.hellothepaw.net/adopt/aliyun_1681044693058137.png,https://img.hellothepaw.net/adopt/aliyun_168104470099549.png,https://img.hellothepaw.net/adopt/aliyun_1681044703585612.png,https://img.hellothepaw.net/adopt/aliyun_1681044706228876.png,https://img.hellothepaw.net/adopt/aliyun_1681044708979614.png,https://img.hellothepaw.net/adopt/aliyun_1681044711341149.png,https://img.hellothepaw.net/adopt/aliyun_168104471395466.png,https://img.hellothepaw.net/adopt/aliyun_1681044716766412.png,https://img.hellothepaw.net/adopt/aliyun_1681044721024995.png",
                "petDescription": "非常听话，安静，亲人，",
                "adoptConditions": "不接受租屋申请",
                "adoptStatus": "待领养",
                "sourceType": "nice_help",
                "sourceRemark": "2022年5月在广州市天河区车陂附近救助",
                "characterDescription": "非常听话懂事，任摸，任抱，",
                "applyStatus": "pass",
                "rejectReason": "",
                "isDelete": 0,
                "showScopes": null,
                "popularUpdateTime": null,
                "topUpdateTime": null,
                "infoUpdateTime": "2023-04-09 20:57:22",
                "applyUpdateTime": null,
                "adoptUpdateTime": "2022-06-06 00:00:00",
                "refreshTime": "2025-02-01 13:40:50",
                "createTime": "2022-06-05 21:58:07",
                "updateTime": "2025-02-01 13:40:49",
                "isAdopt": 1,
                "isAdoptCloud": 0,
                "isIdCard": 1,
                "rollBackAgreement": null,
                "remark": "",
                "shelfActionId": null,
                "isHalfway": 0
            },
            {
                "petId": 141756,
                "oldPetId": "2c9244fd80c71c5201815224203e7542",
                "petName": "红豆",
                "petCode": "G220611011",
                "petType": "dog",
                "petTypeRemark": null,
                "petTypeBreed": "",
                "uuid": 1020268,
                "historyUuids": null,
                "rejectAdoptUuids": null,
                "employeeUuid": 1010078,
                "avatar": "https://img.hellothepaw.net/inpet/pet/3bfb220525364836b4e4beac0dfee003.png",
                "sex": 2,
                "weight": "2.50",
                "weightType": "小型",
                "ageType": "成年",
                "ageMonth": "12",
                "hairType": "针毛",
                "hairLength": "中毛",
                "isHealth": 1,
                "healthDescription": null,
                "adoptNeedAddress": "广东省,广州市,无",
                "isVaccine": 1,
                "isDeworm": 1,
                "isNeuter": 1,
                "isShared": 0,
                "isTop": 0,
                "topNumber": 0,
                "latitude": "23.181284",
                "longitude": "113.205803",
                "address": "广东省佛山市南海区工业大道与桥兴大街交叉口正东方",
                "addressName": "中海·金沙里",
                "city": "佛山市",
                "province": "广东省",
                "imgs": "https://img.hellothepaw.net/inpet/pet/3bfb220525364836b4e4beac0dfee003.png,https://img.hellothepaw.net/inpet/pet/03b38764450c45ea905e5615e11caab5.png,https://img.hellothepaw.net/inpet/pet/4a56fcb338f4432c8db1113e9903ffa1.png,https://img.hellothepaw.net/inpet/pet/d5527c1bc95d419bb24ecc0f74cf2cf2.png,https://img.hellothepaw.net/inpet/pet/cd18e2a2914a4ee9a927fbe691df2b48.png,https://img.hellothepaw.net/inpet/pet/ab84a97191424670a6a4402175a1089c.png",
                "petDescription": "非常温顺，不叫。",
                "adoptConditions": "不接受租屋申请领养，谢谢，",
                "adoptStatus": "待领养",
                "sourceType": "nice_help",
                "sourceRemark": "2022年6月在番禺区，原来店铺搬迁，导致弃养。",
                "characterDescription": "非常听话温顺",
                "applyStatus": "pass",
                "rejectReason": "",
                "isDelete": 0,
                "showScopes": null,
                "popularUpdateTime": null,
                "topUpdateTime": null,
                "infoUpdateTime": "2022-06-13 01:14:28",
                "applyUpdateTime": null,
                "adoptUpdateTime": "2022-06-13 01:14:28",
                "refreshTime": "2025-02-01 13:40:45",
                "createTime": "2022-06-11 17:41:48",
                "updateTime": "2025-02-01 13:40:45",
                "isAdopt": 1,
                "isAdoptCloud": 0,
                "isIdCard": 1,
                "rollBackAgreement": null,
                "remark": "",
                "shelfActionId": null,
                "isHalfway": 0
            }
        ],
        "total": 161,
        "size": 10,
        "current": 1,
        "orders": [],
        "optimizeCountSql": true,
        "searchCount": true,
        "countId": null,
        "maxLimit": null,
        "pages": 17
    },
    "ok": true,
    "succeed": true
}