{
    "code": 200,
    "bcode": "00000",
    "msg": "请求成功",
    "data": {
        "records": [
            {
                "petId": 149305,
                "oldPetId": null,
                "petName": "小白手套",
                "petCode": "C2501040003",
                "petType": "cat",
                "petTypeRemark": null,
                "petTypeBreed": "",
                "uuid": 1338735,
                "historyUuids": null,
                "rejectAdoptUuids": null,
                "employeeUuid": 1010038,
                "avatar": "https://img.hellothepaw.net/adopt/aliyun_1735951389018504.png",
                "sex": 1,
                "weight": "0.45",
                "weightType": "小型",
                "ageType": "幼年",
                "ageMonth": "1",
                "hairType": "针毛",
                "hairLength": "中毛",
                "isHealth": 1,
                "healthDescription": "",
                "adoptNeedAddress": "广东省,广州市,无",
                "isVaccine": 0,
                "isDeworm": 0,
                "isNeuter": 0,
                "isShared": 1,
                "isTop": 0,
                "topNumber": 0,
                "latitude": "23.139343",
                "longitude": "113.409294",
                "address": "广东省广州市天河区东圃奥体路818号",
                "addressName": "广东奥林匹克体育中心",
                "city": "广州市",
                "province": "广东省",
                "imgs": "https://img.hellothepaw.net/adopt/aliyun_1735951389018504.png",
                "petDescription": "",
                "adoptConditions": "封窗 不弃养 打疫苗 最好能不定期拍视频给我看看 成年人 有稳定工作 喂好点的猫粮",
                "adoptStatus": "待领养",
                "sourceType": "nice_help",
                "sourceRemark": "2025年1月2日在奥体中心的停车场捡到5只招财小猫~看起来都非常活泼健康，能吃能睡能玩，目前看起来一个月大。",
                "characterDescription": "活泼好动",
                "applyStatus": "pass",
                "rejectReason": "",
                "isDelete": 0,
                "showScopes": null,
                "popularUpdateTime": null,
                "topUpdateTime": null,
                "infoUpdateTime": "2025-01-04 08:44:22",
                "applyUpdateTime": null,
                "adoptUpdateTime": null,
                "refreshTime": "2025-01-04 08:44:22",
                "createTime": "2025-01-04 08:44:22",
                "updateTime": "2025-01-05 07:21:38",
                "isAdopt": 1,
                "isAdoptCloud": 0,
                "isIdCard": 0,
                "rollBackAgreement": null,
                "remark": "",
                "shelfActionId": null,
                "isHalfway": 0
            },
            {
                "petId": 149304,
                "oldPetId": null,
                "petName": "小黑花",
                "petCode": "C2501040002",
                "petType": "cat",
                "petTypeRemark": null,
                "petTypeBreed": "",
                "uuid": 1338735,
                "historyUuids": null,
                "rejectAdoptUuids": null,
                "employeeUuid": 1010038,
                "avatar": "https://img.hellothepaw.net/adopt/aliyun_1735951339811368.png",
                "sex": 2,
                "weight": "0.45",
                "weightType": "小型",
                "ageType": "幼年",
                "ageMonth": "1",
                "hairType": "针毛",
                "hairLength": "中毛",
                "isHealth": 1,
                "healthDescription": "",
                "adoptNeedAddress": "广东省,广州市,无",
                "isVaccine": 0,
                "isDeworm": 0,
                "isNeuter": 0,
                "isShared": 1,
                "isTop": 0,
                "topNumber": 0,
                "latitude": "23.139343",
                "longitude": "113.409294",
                "address": "广东省广州市天河区东圃奥体路818号",
                "addressName": "广东奥林匹克体育中心",
                "city": "广州市",
                "province": "广东省",
                "imgs": "https://img.hellothepaw.net/adopt/aliyun_1735951339811368.png",
                "petDescription": "",
                "adoptConditions": "封窗 不弃养 打疫苗 最好能不定期拍视频给我看看 成年人 有稳定工作 喂好点的猫粮",
                "adoptStatus": "待领养",
                "sourceType": "nice_help",
                "sourceRemark": "2025年1月2日在奥体中心的停车场捡到5只招财小猫~看起来都非常活泼健康，能吃能睡能玩，目前看起来一个月大。",
                "characterDescription": "活泼好动",
                "applyStatus": "pass",
                "rejectReason": "",
                "isDelete": 0,
                "showScopes": null,
                "popularUpdateTime": null,
                "topUpdateTime": null,
                "infoUpdateTime": "2025-01-04 08:42:54",
                "applyUpdateTime": null,
                "adoptUpdateTime": null,
                "refreshTime": "2025-01-04 08:42:54",
                "createTime": "2025-01-04 08:42:54",
                "updateTime": "2025-01-05 07:21:52",
                "isAdopt": 1,
                "isAdoptCloud": 0,
                "isIdCard": 0,
                "rollBackAgreement": null,
                "remark": "",
                "shelfActionId": null,
                "isHalfway": 0
            },
            {
                "petId": 149303,
                "oldPetId": null,
                "petName": "小白",
                "petCode": "C2501040001",
                "petType": "cat",
                "petTypeRemark": null,
                "petTypeBreed": "",
                "uuid": 1338735,
                "historyUuids": null,
                "rejectAdoptUuids": null,
                "employeeUuid": 1010038,
                "avatar": "https://img.hellothepaw.net/adopt/aliyun_1735951072245807.png",
                "sex": 2,
                "weight": "0.45",
                "weightType": "小型",
                "ageType": "幼年",
                "ageMonth": "1",
                "hairType": "针毛",
                "hairLength": "中毛",
                "isHealth": 1,
                "healthDescription": "",
                "adoptNeedAddress": "广东省,广州市,无",
                "isVaccine": 0,
                "isDeworm": 0,
                "isNeuter": 0,
                "isShared": 1,
                "isTop": 0,
                "topNumber": 0,
                "latitude": "23.139343",
                "longitude": "113.409294",
                "address": "广东省广州市天河区东圃奥体路818号",
                "addressName": "广东奥林匹克体育中心",
                "city": "广州市",
                "province": "广东省",
                "imgs": "https://img.hellothepaw.net/adopt/aliyun_1735951072245807.png",
                "petDescription": "",
                "adoptConditions": "封窗 不弃养 打疫苗 最好能不定期拍视频给我看看 成年人 有稳定工作 喂好点的猫粮",
                "adoptStatus": "待领养",
                "sourceType": "nice_help",
                "sourceRemark": "2025年1月2日在奥体中心的停车场捡到5只招财小猫~看起来都非常活泼健康，能吃能睡能玩，目前看起来一个月大。",
                "characterDescription": "活泼好动",
                "applyStatus": "pass",
                "rejectReason": "",
                "isDelete": 0,
                "showScopes": null,
                "popularUpdateTime": null,
                "topUpdateTime": null,
                "infoUpdateTime": "2025-01-04 08:41:58",
                "applyUpdateTime": null,
                "adoptUpdateTime": null,
                "refreshTime": "2025-01-04 08:41:58",
                "createTime": "2025-01-04 08:41:58",
                "updateTime": "2025-01-05 07:22:03",
                "isAdopt": 1,
                "isAdoptCloud": 0,
                "isIdCard": 0,
                "rollBackAgreement": null,
                "remark": "",
                "shelfActionId": null,
                "isHalfway": 0
            },
            {
                "petId": 147970,
                "oldPetId": null,
                "petName": "Happy",
                "petCode": "C2309250004",
                "petType": "cat",
                "petTypeRemark": null,
                "petTypeBreed": "",
                "uuid": 1045394,
                "historyUuids": null,
                "rejectAdoptUuids": null,
                "employeeUuid": 1010078,
                "avatar": "https://img.hellothepaw.net/adopt/aliyun_1723903415801801.png",
                "sex": 2,
                "weight": "3.50",
                "weightType": "小型",
                "ageType": "成年",
                "ageMonth": "12",
                "hairType": "针毛",
                "hairLength": "短毛",
                "isHealth": 1,
                "healthDescription": "",
                "adoptNeedAddress": "广东省,广州市,无;广东省,佛山市,无;广东省,中山市,无;广东省,东莞市,无",
                "isVaccine": 1,
                "isDeworm": 1,
                "isNeuter": 0,
                "isShared": 0,
                "isTop": 0,
                "topNumber": 0,
                "latitude": "22.767111",
                "longitude": "113.611053",
                "address": "广东省广州市南沙区地铁4号线",
                "addressName": "南沙客运港[地铁站]",
                "city": "广州市",
                "province": "广东省",
                "imgs": "https://img.hellothepaw.net/adopt/aliyun_1723903415801801.png,https://img.hellothepaw.net/adopt/aliyun_1723903438581639.png,https://img.hellothepaw.net/adopt/aliyun_1723903440073384.png",
                "petDescription": "未满月就被邻居遗弃，于是带回家喂奶，猫咪健康活泼亲人，希望有爱心人士领养。",
                "adoptConditions": "有责任心，不离不弃，科学喂养",
                "adoptStatus": "待领养",
                "sourceType": "nice_help",
                "sourceRemark": "被邻居遗弃",
                "characterDescription": "活泼好动亲人",
                "applyStatus": "pass",
                "rejectReason": "",
                "isDelete": 0,
                "showScopes": null,
                "popularUpdateTime": null,
                "topUpdateTime": null,
                "infoUpdateTime": "2024-08-17 22:04:43",
                "applyUpdateTime": null,
                "adoptUpdateTime": null,
                "refreshTime": "2025-01-03 14:26:34",
                "createTime": "2023-09-25 22:04:56",
                "updateTime": "2025-01-03 14:26:33",
                "isAdopt": 1,
                "isAdoptCloud": 0,
                "isIdCard": 1,
                "rollBackAgreement": null,
                "remark": "",
                "shelfActionId": null,
                "isHalfway": 0
            },
            {
                "petId": 149185,
                "oldPetId": null,
                "petName": "笨笨",
                "petCode": "C2410200002",
                "petType": "cat",
                "petTypeRemark": null,
                "petTypeBreed": "",
                "uuid": 1045394,
                "historyUuids": null,
                "rejectAdoptUuids": null,
                "employeeUuid": 1010078,
                "avatar": "https://img.hellothepaw.net/adopt/aliyun_1729417023627201.png",
                "sex": 1,
                "weight": "1.50",
                "weightType": "小型",
                "ageType": "幼年",
                "ageMonth": "4",
                "hairType": "针毛",
                "hairLength": "短毛",
                "isHealth": 1,
                "healthDescription": "",
                "adoptNeedAddress": "广东省,广州市,无;广东省,佛山市,无;广东省,东莞市,无;广东省,中山市,无",
                "isVaccine": 0,
                "isDeworm": 1,
                "isNeuter": 0,
                "isShared": 0,
                "isTop": 0,
                "topNumber": 0,
                "latitude": "22.767111",
                "longitude": "113.611053",
                "address": "广东省广州市南沙客运港--黄村",
                "addressName": "地铁4号线",
                "city": "广州市",
                "province": "广东省",
                "imgs": "https://img.hellothepaw.net/adopt/aliyun_1729417023627201.png,https://img.hellothepaw.net/adopt/aliyun_1729417094648552.png,https://img.hellothepaw.net/adopt/aliyun_1729417099165944.png,https://img.hellothepaw.net/adopt/aliyun_1729417103496525.png",
                "petDescription": "在外面捡到的小猫咪，约4个月，已驱虫，性格活泼亲人，希望能遇到不离不弃的主人。",
                "adoptConditions": "不离不弃，有责任心，科学喂养。",
                "adoptStatus": "待领养",
                "sourceType": "nice_help",
                "sourceRemark": "在户外捡的小流浪",
                "characterDescription": "活泼亲人",
                "applyStatus": "pass",
                "rejectReason": "",
                "isDelete": 0,
                "showScopes": null,
                "popularUpdateTime": null,
                "topUpdateTime": null,
                "infoUpdateTime": "2024-10-20 17:47:51",
                "applyUpdateTime": null,
                "adoptUpdateTime": null,
                "refreshTime": "2025-01-03 14:26:24",
                "createTime": "2024-10-20 17:44:24",
                "updateTime": "2025-01-03 14:26:23",
                "isAdopt": 1,
                "isAdoptCloud": 0,
                "isIdCard": 1,
                "rollBackAgreement": null,
                "remark": "",
                "shelfActionId": null,
                "isHalfway": 0
            },
            {
                "petId": 149302,
                "oldPetId": null,
                "petName": "小黄车",
                "petCode": "C2501010001",
                "petType": "cat",
                "petTypeRemark": null,
                "petTypeBreed": "",
                "uuid": 1032922,
                "historyUuids": null,
                "rejectAdoptUuids": null,
                "employeeUuid": 1010038,
                "avatar": "https://img.hellothepaw.net/adopt/aliyun_1735744171675815.png",
                "sex": 1,
                "weight": "3.00",
                "weightType": "小型",
                "ageType": "成年",
                "ageMonth": "48",
                "hairType": "针毛",
                "hairLength": "短毛",
                "isHealth": 1,
                "healthDescription": "",
                "adoptNeedAddress": "广东省,广州市,无",
                "isVaccine": 0,
                "isDeworm": 1,
                "isNeuter": 1,
                "isShared": 0,
                "isTop": 0,
                "topNumber": 0,
                "latitude": "23.16972",
                "longitude": "113.248851",
                "address": "广东省广州市白云区沙涌北中和街18号",
                "addressName": "中和苑粮油宿舍",
                "city": "广州市",
                "province": "广东省",
                "imgs": "https://img.hellothepaw.net/adopt/aliyun_1735744171675815.png,https://img.hellothepaw.net/adopt/aliyun_1735744172800251.png,https://img.hellothepaw.net/adopt/aliyun_1735744173711860.png,https://img.hellothepaw.net/adopt/aliyun_1735744175471117.png",
                "petDescription": "它叫小黄车，大院里一只流浪妈妈生的一窝其中一只。两只夭折，另外一只被领养了，它是看着长大，一直罐头猫粮喂养了四年，很爱干净，因为不喜欢吃其他猫吃过的猫粮，所以它每天都会上楼来吃两餐，很乖很懂事，也很健康，吃完就下楼晒太阳，最近楼道有老人用杀虫剂赶它，怕他遭遇不测，我家已经收留了四只猫，实在住不下，楼下还有六只小流浪在投喂，也很吃力，希望有好心的铲屎官能领养它。",
                "adoptConditions": "家庭最好，封窗，接受回访",
                "adoptStatus": "待领养",
                "sourceType": "nice_help",
                "sourceRemark": "它叫小黄车，大院里一只流浪妈妈生的一窝其中一只。两只夭折，另外一只被领养了，它是看着长大，一直罐头猫粮喂养了四年，很爱干净，因为不喜欢吃其他猫吃过的猫粮，所以它每天都会上楼来吃两餐，很乖很懂事，也很健康，吃完就下楼晒太阳，最近楼道有老人用杀虫剂赶它，怕他遭遇不测，我家已经收留了四只猫，实在住不下，楼下还有六只小流浪在投喂，也很吃力，希望有好心的铲屎官能领养它。",
                "characterDescription": "安静，温顺，懂事",
                "applyStatus": "pass",
                "rejectReason": "",
                "isDelete": 0,
                "showScopes": null,
                "popularUpdateTime": null,
                "topUpdateTime": null,
                "infoUpdateTime": "2025-01-01 23:32:46",
                "applyUpdateTime": null,
                "adoptUpdateTime": null,
                "refreshTime": "2025-01-01 23:32:46",
                "createTime": "2025-01-01 23:11:19",
                "updateTime": "2025-01-05 07:22:24",
                "isAdopt": 1,
                "isAdoptCloud": 0,
                "isIdCard": 1,
                "rollBackAgreement": null,
                "remark": "很健康",
                "shelfActionId": null,
                "isHalfway": 0
            },
            {
                "petId": 137561,
                "oldPetId": "2c923465795a30c801795b85b37307de",
                "petName": "大花（性格憨憨）",
                "petCode": "G210511004",
                "petType": "dog",
                "petTypeRemark": null,
                "petTypeBreed": "",
                "uuid": 1102490,
                "historyUuids": null,
                "rejectAdoptUuids": null,
                "employeeUuid": 1010078,
                "avatar": "https://img.hellothepaw.net/inpet/pet/df67fc75a5a741dd941ec8d725c34529.png",
                "sex": 1,
                "weight": "9.00",
                "weightType": "小型",
                "ageType": "成年",
                "ageMonth": "36",
                "hairType": "针毛",
                "hairLength": "中毛",
                "isHealth": 1,
                "healthDescription": null,
                "adoptNeedAddress": "广东省,广州市,无;广东省,深圳市,无;广东省,佛山市,无;广东省,东莞市,无;广东省,中山市,无",
                "isVaccine": 1,
                "isDeworm": 1,
                "isNeuter": 1,
                "isShared": 0,
                "isTop": 0,
                "topNumber": 0,
                "latitude": "22.794498",
                "longitude": "113.532257",
                "address": "广东省广州市南沙区双山大道3号",
                "addressName": "广州南沙万达广场",
                "city": "广州市",
                "province": "广东省",
                "imgs": "https://img.hellothepaw.net/inpet/pet/df67fc75a5a741dd941ec8d725c34529.png,https://img.hellothepaw.net/inpet/pet/f2d12748f36e420e839cadd8e10a95bf.png,https://img.hellothepaw.net/inpet/pet/0c71e09e027a416d8f65fb69a5d4d707.png,https://img.hellothepaw.net/inpet/pet/63c013c65a8d41d383d2b6cde136574f.png,https://img.hellothepaw.net/inpet/pet/682be76e4aaf4262bf79d0812449fac4.png,https://img.hellothepaw.net/inpet/pet/92aba629f4f742bc951c9b3d3a2a799f.png",
                "petDescription": "全身花白，长着一对黄色的可爱的耳朵，这种品相的狗狗自身带\uD83C\uDE36️福气哦～～而且修剪短发后变得更萌，形象多变^_^",
                "adoptConditions": "自有住房，具备科学养犬常识，例如认可怀孕以及养育小孩与养宠物没有任何冲突；须办狗牌；不会因为家庭矛盾以及生育结婚旅游出差回老家等各个人生阶段弃养或者转赠，把狗狗当成家庭成员；每天早晚有时间遛狗；出差旅游回乡需要把狗狗寄养在宠物店或者宠物医院，不能交给熟人代管，以防走丢；有足够的经济能力负担宠物医疗开支；",
                "adoptStatus": "待领养",
                "sourceType": "nice_help",
                "sourceRemark": "大花是被主人遗弃在海边的公园流浪了十几天，有好心的住在附近的业主一直喂养它，还通过阿派发布求助消息，最后本人前往去救助了。",
                "characterDescription": "活泼可爱",
                "applyStatus": "pass",
                "rejectReason": "",
                "isDelete": 0,
                "showScopes": null,
                "popularUpdateTime": null,
                "topUpdateTime": null,
                "infoUpdateTime": "2023-10-07 00:26:10",
                "applyUpdateTime": null,
                "adoptUpdateTime": "2021-05-16 00:00:00",
                "refreshTime": "2025-01-01 17:59:49",
                "createTime": "2021-05-11 21:02:39",
                "updateTime": "2025-01-01 17:59:49",
                "isAdopt": 1,
                "isAdoptCloud": 0,
                "isIdCard": 1,
                "rollBackAgreement": null,
                "remark": "",
                "shelfActionId": null,
                "isHalfway": 0
            },
            {
                "petId": 149296,
                "oldPetId": null,
                "petName": "啊呜",
                "petCode": "C2412280001",
                "petType": "cat",
                "petTypeRemark": null,
                "petTypeBreed": "",
                "uuid": 1327843,
                "historyUuids": null,
                "rejectAdoptUuids": null,
                "employeeUuid": 1010038,
                "avatar": "https://img.hellothepaw.net/adopt/aliyun_1735396677574903.png",
                "sex": 2,
                "weight": "3.00",
                "weightType": "小型",
                "ageType": "成年",
                "ageMonth": "24",
                "hairType": "针毛",
                "hairLength": "短毛",
                "isHealth": 1,
                "healthDescription": "有皮外伤，肝功能异常，在治疗和调养当中",
                "adoptNeedAddress": "广东省,广州市,海珠区",
                "isVaccine": 0,
                "isDeworm": 1,
                "isNeuter": 0,
                "isShared": 0,
                "isTop": 0,
                "topNumber": 0,
                "latitude": "23.091293",
                "longitude": "113.260651",
                "address": "广东省广州市海珠区龙凤街道荔福路11号102(沙园地铁站D口步行390米)",
                "addressName": "宠缘动物诊所(海珠总院)",
                "city": "广州市",
                "province": "广东省",
                "imgs": "https://img.hellothepaw.net/adopt/aliyun_1735396677574903.png,https://img.hellothepaw.net/adopt/aliyun_1735725380417825.png,https://img.hellothepaw.net/adopt/aliyun_1735725389818673.png",
                "petDescription": "2岁狸花妹妹，微笑脸～性格很乖不会乱叫也不会攻击人",
                "adoptConditions": "1、要有养猫经验、女生优先考虑、需有稳定住房和工作、有一定的经济能力\n2、科学喂养、不喂毒粮！！\n3、不能放在家外面放养、不能在养来抓老鼠或者看门\n4、不以任何借口如父母反对、怀孕、猫生病就抛弃",
                "adoptStatus": "待领养",
                "sourceType": "nice_help",
                "sourceRemark": "猫咪于12月24日被救助，疑似被人为导致坠楼。无骨折但有皮外伤现在住院治疗中，已做体内外全身检查，健康无猫瘟传染病。",
                "characterDescription": "温顺、粘人、脾气好",
                "applyStatus": "pass",
                "rejectReason": "",
                "isDelete": 0,
                "showScopes": null,
                "popularUpdateTime": null,
                "topUpdateTime": null,
                "infoUpdateTime": "2025-01-01 17:56:46",
                "applyUpdateTime": null,
                "adoptUpdateTime": null,
                "refreshTime": "2025-01-01 17:56:46",
                "createTime": "2024-12-28 22:43:46",
                "updateTime": "2025-01-01 18:36:06",
                "isAdopt": 1,
                "isAdoptCloud": 0,
                "isIdCard": 1,
                "rollBackAgreement": null,
                "remark": "",
                "shelfActionId": null,
                "isHalfway": 0
            },
            {
                "petId": 149301,
                "oldPetId": null,
                "petName": "哇哇",
                "petCode": "D2412310002",
                "petType": "dog",
                "petTypeRemark": null,
                "petTypeBreed": "",
                "uuid": 1031446,
                "historyUuids": null,
                "rejectAdoptUuids": null,
                "employeeUuid": 1010038,
                "avatar": "https://img.hellothepaw.net/adopt/aliyun_173564687208882.png",
                "sex": 1,
                "weight": "5.00",
                "weightType": "小型",
                "ageType": "成年",
                "ageMonth": "60",
                "hairType": "卷毛",
                "hairLength": "长毛",
                "isHealth": 0,
                "healthDescription": "肝炎，已经痊愈，牙部分被拔，但是不影响吃食物",
                "adoptNeedAddress": "广东省,广州市,无;广东省,佛山市,无",
                "isVaccine": 1,
                "isDeworm": 1,
                "isNeuter": 1,
                "isShared": 0,
                "isTop": 0,
                "topNumber": 0,
                "latitude": "23.180166",
                "longitude": "113.207481",
                "address": "广东省佛山市南海区里广路与里横路交叉口东北方向150米",
                "addressName": "恒大御景湾",
                "city": "佛山市",
                "province": "广东省",
                "imgs": "https://img.hellothepaw.net/adopt/aliyun_173564687208882.png",
                "petDescription": "活泼，洁癖，粘人，懂人话，懂事",
                "adoptConditions": "已婚已育，有耐心，自己的房子更好",
                "adoptStatus": "待领养",
                "sourceType": "nice_help",
                "sourceRemark": "估计被虐待拔牙，肝炎遗弃在路边的，完成绝育，疫苗",
                "characterDescription": "活泼好动",
                "applyStatus": "pass",
                "rejectReason": "",
                "isDelete": 0,
                "showScopes": null,
                "popularUpdateTime": null,
                "topUpdateTime": null,
                "infoUpdateTime": "2024-12-31 20:10:17",
                "applyUpdateTime": null,
                "adoptUpdateTime": "2025-01-08 21:04:09",
                "refreshTime": "2024-12-31 20:10:17",
                "createTime": "2024-12-31 20:10:17",
                "updateTime": "2025-01-08 21:04:09",
                "isAdopt": 1,
                "isAdoptCloud": 0,
                "isIdCard": 1,
                "rollBackAgreement": null,
                "remark": "",
                "shelfActionId": null,
                "isHalfway": 0
            },
            {
                "petId": 149259,
                "oldPetId": null,
                "petName": "小橘",
                "petCode": "C2411270001",
                "petType": "cat",
                "petTypeRemark": null,
                "petTypeBreed": "",
                "uuid": 1336988,
                "historyUuids": null,
                "rejectAdoptUuids": null,
                "employeeUuid": 1010038,
                "avatar": "https://img.hellothepaw.net/adopt/aliyun_1735566782516622.png",
                "sex": 2,
                "weight": "1.00",
                "weightType": "小型",
                "ageType": "幼年",
                "ageMonth": "3",
                "hairType": "针毛",
                "hairLength": "短毛",
                "isHealth": 0,
                "healthDescription": "发现时有支原体、杯状病毒感染。已经过治疗，没有症状，但携带杯状。",
                "adoptNeedAddress": "广东省,广州市,荔湾区;广东省,广州市,越秀区;广东省,广州市,海珠区;广东省,广州市,天河区;广东省,广州市,白云区;广东省,广州市,番禺区;广东省,广州市,黄埔区",
                "isVaccine": 1,
                "isDeworm": 1,
                "isNeuter": 0,
                "isShared": 1,
                "isTop": 0,
                "topNumber": 0,
                "latitude": "23.104076",
                "longitude": "113.27673",
                "address": "广东省广州市海珠区",
                "addressName": "素社街道",
                "city": "广州市",
                "province": "广东省",
                "imgs": "https://img.hellothepaw.net/adopt/aliyun_1735566782516622.png,https://img.hellothepaw.net/adopt/aliyun_173556678579627.png",
                "petDescription": "2024年11月初，在去往医院接原住民出院的路上，在人行道中间遇见小橘，当时眼睛鼻子都是分泌物，附近也没看到猫妈妈，我就直接带去医院治疗。经过治疗目前已经没有症状，但携带杯状。",
                "adoptConditions": "家里封窗，同住人不反对，按时疫苗和绝育，不要弃养。",
                "adoptStatus": "待领养",
                "sourceType": "nice_help",
                "sourceRemark": "2024年11月初，在去往医院接原住民出院的路上，在人行道中间遇见小橘，当时眼睛鼻子都是分泌物，附近也没看到猫妈妈，我就直接带去医院治疗。经过治疗目前已经没有症状，但携带杯状。\n因为家中已经两原居民，一只是顽固口炎+杯状+慢性肾功能不全的老猫需要照顾，家人反对再养新猫了。\n只能为这只幸运的小橘需求爱她的主人。",
                "characterDescription": "活泼粘人",
                "applyStatus": "pass",
                "rejectReason": "",
                "isDelete": 0,
                "showScopes": null,
                "popularUpdateTime": null,
                "topUpdateTime": null,
                "infoUpdateTime": "2024-12-30 21:56:16",
                "applyUpdateTime": null,
                "adoptUpdateTime": null,
                "refreshTime": "2024-12-30 21:56:16",
                "createTime": "2024-11-27 21:19:54",
                "updateTime": "2025-01-01 18:41:49",
                "isAdopt": 1,
                "isAdoptCloud": 0,
                "isIdCard": 0,
                "rollBackAgreement": null,
                "remark": "",
                "shelfActionId": null,
                "isHalfway": 0
            }
        ],
        "total": 732,
        "size": 10,
        "current": 11,
        "orders": [],
        "optimizeCountSql": true,
        "searchCount": true,
        "countId": null,
        "maxLimit": null,
        "pages": 74
    },
    "ok": true,
    "succeed": true
}