{
    "code": 200,
    "bcode": "00000",
    "msg": "请求成功",
    "data": {
        "records": [
            {
                "petId": 141756,
                "oldPetId": "2c9244fd80c71c5201815224203e7542",
                "petName": "红豆",
                "petCode": "G220611011",
                "petType": "dog",
                "petTypeRemark": null,
                "petTypeBreed": "",
                "uuid": 1020268,
                "historyUuids": null,
                "rejectAdoptUuids": null,
                "employeeUuid": 1010078,
                "avatar": "https://img.hellothepaw.net/inpet/pet/3bfb220525364836b4e4beac0dfee003.png",
                "sex": 2,
                "weight": "2.50",
                "weightType": "小型",
                "ageType": "成年",
                "ageMonth": "12",
                "hairType": "针毛",
                "hairLength": "中毛",
                "isHealth": 1,
                "healthDescription": null,
                "adoptNeedAddress": "广东省,广州市,无",
                "isVaccine": 1,
                "isDeworm": 1,
                "isNeuter": 1,
                "isShared": 0,
                "isTop": 0,
                "topNumber": 0,
                "latitude": "23.181284",
                "longitude": "113.205803",
                "address": "广东省佛山市南海区工业大道与桥兴大街交叉口正东方",
                "addressName": "中海·金沙里",
                "city": "佛山市",
                "province": "广东省",
                "imgs": "https://img.hellothepaw.net/inpet/pet/3bfb220525364836b4e4beac0dfee003.png,https://img.hellothepaw.net/inpet/pet/03b38764450c45ea905e5615e11caab5.png,https://img.hellothepaw.net/inpet/pet/4a56fcb338f4432c8db1113e9903ffa1.png,https://img.hellothepaw.net/inpet/pet/d5527c1bc95d419bb24ecc0f74cf2cf2.png,https://img.hellothepaw.net/inpet/pet/cd18e2a2914a4ee9a927fbe691df2b48.png,https://img.hellothepaw.net/inpet/pet/ab84a97191424670a6a4402175a1089c.png",
                "petDescription": "非常温顺，不叫。",
                "adoptConditions": "不接受租屋申请领养，谢谢，",
                "adoptStatus": "待领养",
                "sourceType": "nice_help",
                "sourceRemark": "2022年6月在番禺区，原来店铺搬迁，导致弃养。",
                "characterDescription": "非常听话温顺",
                "applyStatus": "pass",
                "rejectReason": "",
                "isDelete": 0,
                "showScopes": null,
                "popularUpdateTime": null,
                "topUpdateTime": null,
                "infoUpdateTime": "2022-06-13 01:14:28",
                "applyUpdateTime": null,
                "adoptUpdateTime": "2022-06-13 01:14:28",
                "refreshTime": "2025-02-01 13:40:45",
                "createTime": "2022-06-11 17:41:48",
                "updateTime": "2025-02-01 13:40:45",
                "isAdopt": 1,
                "isAdoptCloud": 0,
                "isIdCard": 1,
                "rollBackAgreement": null,
                "remark": "",
                "shelfActionId": null,
                "isHalfway": 0
            },
            {
                "petId": 141757,
                "oldPetId": "2c9244fd80c71c5201815229f0797558",
                "petName": "绿豆",
                "petCode": "G220611012",
                "petType": "dog",
                "petTypeRemark": null,
                "petTypeBreed": "",
                "uuid": 1020268,
                "historyUuids": null,
                "rejectAdoptUuids": null,
                "employeeUuid": 1010078,
                "avatar": "https://img.hellothepaw.net/inpet/pet/f334649b774f48b5bd34f19eedba85a8.png",
                "sex": 1,
                "weight": "5.00",
                "weightType": "小型",
                "ageType": "成年",
                "ageMonth": "12",
                "hairType": "针毛",
                "hairLength": "短毛",
                "isHealth": 1,
                "healthDescription": null,
                "adoptNeedAddress": "广东省,广州市,无",
                "isVaccine": 1,
                "isDeworm": 1,
                "isNeuter": 1,
                "isShared": 0,
                "isTop": 0,
                "topNumber": 0,
                "latitude": "23.181284",
                "longitude": "113.205803",
                "address": "广东省佛山市南海区工业大道与桥兴大街交叉口正东方",
                "addressName": "中海·金沙里",
                "city": "佛山市",
                "province": "广东省",
                "imgs": "https://img.hellothepaw.net/inpet/pet/f334649b774f48b5bd34f19eedba85a8.png,https://img.hellothepaw.net/inpet/pet/434286845db340a89287e6c15543a2a6.png,https://img.hellothepaw.net/inpet/pet/764937d6b42d47ebba6a93588dbe028c.png,https://img.hellothepaw.net/inpet/pet/755b7200b10d4ac28b901d9f4482ecea.png,https://img.hellothepaw.net/inpet/pet/20226624308d48a8938d79861cff3a67.png,https://img.hellothepaw.net/inpet/pet/4495f1348a604e63bbbdd9f9a930b2c3.png",
                "petDescription": "非常听话，不叫，忠心耿耿，",
                "adoptConditions": "不接受租屋申请，谢谢，",
                "adoptStatus": "待领养",
                "sourceType": "nice_help",
                "sourceRemark": "2022年6月，在番禺区，原来店铺搬迁，被直接弃养，",
                "characterDescription": "非常亲人，懂事",
                "applyStatus": "pass",
                "rejectReason": "",
                "isDelete": 0,
                "showScopes": null,
                "popularUpdateTime": null,
                "topUpdateTime": null,
                "infoUpdateTime": "2022-06-13 01:14:42",
                "applyUpdateTime": null,
                "adoptUpdateTime": "2022-06-13 01:14:42",
                "refreshTime": "2025-02-01 13:40:36",
                "createTime": "2022-06-11 17:48:09",
                "updateTime": "2025-02-01 13:40:36",
                "isAdopt": 1,
                "isAdoptCloud": 0,
                "isIdCard": 1,
                "rollBackAgreement": null,
                "remark": "",
                "shelfActionId": null,
                "isHalfway": 0
            },
            {
                "petId": 142002,
                "oldPetId": "2c9244fd8180dec40181ccdb36390ebd",
                "petName": "英吉利",
                "petCode": "G220705001",
                "petType": "dog",
                "petTypeRemark": null,
                "petTypeBreed": "",
                "uuid": 1020268,
                "historyUuids": null,
                "rejectAdoptUuids": null,
                "employeeUuid": 1010078,
                "avatar": "https://img.hellothepaw.net/adopt/aliyun_1696428678320454.png",
                "sex": 2,
                "weight": "18.00",
                "weightType": "大型",
                "ageType": "成年",
                "ageMonth": "12",
                "hairType": "针毛",
                "hairLength": "短毛",
                "isHealth": 1,
                "healthDescription": null,
                "adoptNeedAddress": "广东省,广州市,无",
                "isVaccine": 1,
                "isDeworm": 1,
                "isNeuter": 1,
                "isShared": 0,
                "isTop": 0,
                "topNumber": 0,
                "latitude": "23.181284",
                "longitude": "113.205803",
                "address": "广东省佛山市南海区工业大道与桥兴大街交叉口正东方",
                "addressName": "中海·金沙里",
                "city": "佛山市",
                "province": "广东省",
                "imgs": "https://img.hellothepaw.net/adopt/aliyun_1696428678320454.png,https://img.hellothepaw.net/adopt/aliyun_1696428680360248.png,https://img.hellothepaw.net/adopt/aliyun_1696428682482887.png,https://img.hellothepaw.net/adopt/aliyun_169642868457817.png,https://img.hellothepaw.net/adopt/aliyun_1696428686926594.png,https://img.hellothepaw.net/adopt/aliyun_1696428689569227.png,https://img.hellothepaw.net/adopt/aliyun_1696428691561338.png,https://img.hellothepaw.net/adopt/aliyun_1696428693709703.png",
                "petDescription": "非常温顺，任摸，不暴冲，",
                "adoptConditions": "不接受租屋申请领养，谢谢，",
                "adoptStatus": "待领养",
                "sourceType": "nice_help",
                "sourceRemark": "2022年6月在大沙东地铁站附近救助，",
                "characterDescription": "非常温顺，听话，不叫，",
                "applyStatus": "pass",
                "rejectReason": "",
                "isDelete": 0,
                "showScopes": null,
                "popularUpdateTime": null,
                "topUpdateTime": null,
                "infoUpdateTime": "2023-10-04 22:11:50",
                "applyUpdateTime": null,
                "adoptUpdateTime": "2022-07-08 00:00:00",
                "refreshTime": "2025-02-01 13:40:29",
                "createTime": "2022-07-05 13:35:27",
                "updateTime": "2025-02-01 13:40:28",
                "isAdopt": 1,
                "isAdoptCloud": 0,
                "isIdCard": 1,
                "rollBackAgreement": null,
                "remark": "",
                "shelfActionId": null,
                "isHalfway": 0
            },
            {
                "petId": 142970,
                "oldPetId": "2c9244fd836eb6d201841bed6d0f5446",
                "petName": "健健",
                "petCode": "G221028002",
                "petType": "dog",
                "petTypeRemark": null,
                "petTypeBreed": "",
                "uuid": 1020268,
                "historyUuids": null,
                "rejectAdoptUuids": null,
                "employeeUuid": 1010078,
                "avatar": "https://img.hellothepaw.net/adopt/aliyun_1684674096190281.png",
                "sex": 1,
                "weight": "12.00",
                "weightType": "大型",
                "ageType": "成年",
                "ageMonth": "12",
                "hairType": "针毛",
                "hairLength": "短毛",
                "isHealth": 1,
                "healthDescription": null,
                "adoptNeedAddress": "广东省,广州市,无",
                "isVaccine": 1,
                "isDeworm": 1,
                "isNeuter": 1,
                "isShared": 0,
                "isTop": 0,
                "topNumber": 0,
                "latitude": "23.181284",
                "longitude": "113.205803",
                "address": "广东省佛山市南海区工业大道与桥兴大街交叉口正东方",
                "addressName": "中海·金沙里",
                "city": "佛山市",
                "province": "广东省",
                "imgs": "https://img.hellothepaw.net/adopt/aliyun_1684674096190281.png,https://img.hellothepaw.net/adopt/aliyun_1684674099322909.png,https://img.hellothepaw.net/adopt/aliyun_168467410176520.png,https://img.hellothepaw.net/adopt/aliyun_1684674107356536.png,https://img.hellothepaw.net/adopt/aliyun_1684674111079482.png",
                "petDescription": "非常亲人，听话，不叫。",
                "adoptConditions": "不接受租屋申请领养，谢谢，",
                "adoptStatus": "待领养",
                "sourceType": "nice_help",
                "sourceRemark": "2022年9月海珠区工厂撤离，保安弃养。",
                "characterDescription": "非常亲人，憨厚老实，",
                "applyStatus": "pass",
                "rejectReason": "",
                "isDelete": 0,
                "showScopes": null,
                "popularUpdateTime": null,
                "topUpdateTime": null,
                "infoUpdateTime": "2023-05-21 21:02:07",
                "applyUpdateTime": null,
                "adoptUpdateTime": "2022-10-28 23:34:18",
                "refreshTime": "2025-02-01 13:40:21",
                "createTime": "2022-10-28 08:10:56",
                "updateTime": "2025-02-01 13:40:20",
                "isAdopt": 1,
                "isAdoptCloud": 0,
                "isIdCard": 1,
                "rollBackAgreement": null,
                "remark": "",
                "shelfActionId": null,
                "isHalfway": 0
            },
            {
                "petId": 142971,
                "oldPetId": "2c9244fd836eb6d201841bf179945459",
                "petName": "康康",
                "petCode": "G221028004",
                "petType": "dog",
                "petTypeRemark": null,
                "petTypeBreed": "",
                "uuid": 1020268,
                "historyUuids": null,
                "rejectAdoptUuids": null,
                "employeeUuid": 1010078,
                "avatar": "https://img.hellothepaw.net/adopt/aliyun_1685972797666820.png",
                "sex": 1,
                "weight": "6.00",
                "weightType": "小型",
                "ageType": "成年",
                "ageMonth": "12",
                "hairType": "针毛",
                "hairLength": "中毛",
                "isHealth": 1,
                "healthDescription": null,
                "adoptNeedAddress": "广东省,广州市,无",
                "isVaccine": 1,
                "isDeworm": 1,
                "isNeuter": 1,
                "isShared": 0,
                "isTop": 0,
                "topNumber": 0,
                "latitude": "23.181284",
                "longitude": "113.205803",
                "address": "广东省佛山市南海区工业大道与桥兴大街交叉口正东方",
                "addressName": "中海·金沙里",
                "city": "佛山市",
                "province": "广东省",
                "imgs": "https://img.hellothepaw.net/adopt/aliyun_1685972797666820.png,https://img.hellothepaw.net/adopt/aliyun_1685972803465864.png,https://img.hellothepaw.net/adopt/aliyun_1685972806860837.png,https://img.hellothepaw.net/adopt/aliyun_168597281028412.png,https://img.hellothepaw.net/adopt/aliyun_1685972813115993.png,https://img.hellothepaw.net/adopt/aliyun_1685972815810517.png,https://img.hellothepaw.net/adopt/aliyun_1685972818477861.png,https://img.hellothepaw.net/adopt/aliyun_168597282099145.png,https://img.hellothepaw.net/adopt/aliyun_168597282826693.png",
                "petDescription": "一个开心果，充满阳光。",
                "adoptConditions": "不接受租屋申请领养，谢谢，",
                "adoptStatus": "待领养",
                "sourceType": "nice_help",
                "sourceRemark": "2022年9月海珠区工厂撤离，保安弃养。",
                "characterDescription": "活泼的小伙子，特别亲人。",
                "applyStatus": "pass",
                "rejectReason": "",
                "isDelete": 0,
                "showScopes": null,
                "popularUpdateTime": null,
                "topUpdateTime": null,
                "infoUpdateTime": "2023-06-05 21:47:17",
                "applyUpdateTime": null,
                "adoptUpdateTime": "2022-10-28 23:34:29",
                "refreshTime": "2025-02-01 13:40:16",
                "createTime": "2022-10-28 08:15:21",
                "updateTime": "2025-02-01 13:40:16",
                "isAdopt": 1,
                "isAdoptCloud": 0,
                "isIdCard": 1,
                "rollBackAgreement": null,
                "remark": "",
                "shelfActionId": null,
                "isHalfway": 0
            },
            {
                "petId": 142972,
                "oldPetId": "2c9244fd836eb6d201841bf5608b546f",
                "petName": "新新",
                "petCode": "G221028006",
                "petType": "dog",
                "petTypeRemark": null,
                "petTypeBreed": "",
                "uuid": 1020268,
                "historyUuids": null,
                "rejectAdoptUuids": null,
                "employeeUuid": 1010078,
                "avatar": "https://img.hellothepaw.net/adopt/aliyun_1684673946544919.png",
                "sex": 2,
                "weight": "6.00",
                "weightType": "小型",
                "ageType": "成年",
                "ageMonth": "12",
                "hairType": "针毛",
                "hairLength": "中毛",
                "isHealth": 1,
                "healthDescription": null,
                "adoptNeedAddress": "广东省,广州市,无",
                "isVaccine": 1,
                "isDeworm": 1,
                "isNeuter": 1,
                "isShared": 0,
                "isTop": 0,
                "topNumber": 0,
                "latitude": "23.181284",
                "longitude": "113.205803",
                "address": "广东省佛山市南海区工业大道与桥兴大街交叉口正东方",
                "addressName": "中海·金沙里",
                "city": "佛山市",
                "province": "广东省",
                "imgs": "https://img.hellothepaw.net/adopt/aliyun_1684673946544919.png,https://img.hellothepaw.net/adopt/aliyun_1684673949094114.png,https://img.hellothepaw.net/adopt/aliyun_1684673952900715.png,https://img.hellothepaw.net/adopt/aliyun_1684673955321238.png,https://img.hellothepaw.net/adopt/aliyun_1684673959119869.png,https://img.hellothepaw.net/adopt/aliyun_1684673962678727.png,https://img.hellothepaw.net/adopt/aliyun_1684673967137450.png",
                "petDescription": "活泼，听话，胆小，",
                "adoptConditions": "不接受租屋申请领养，谢谢，",
                "adoptStatus": "待领养",
                "sourceType": "nice_help",
                "sourceRemark": "2022年9月海珠区工厂撤离，保安弃养。",
                "characterDescription": "亲人，胆小，听话，不叫。",
                "applyStatus": "pass",
                "rejectReason": "",
                "isDelete": 0,
                "showScopes": null,
                "popularUpdateTime": null,
                "topUpdateTime": null,
                "infoUpdateTime": "2023-05-21 20:59:48",
                "applyUpdateTime": null,
                "adoptUpdateTime": "2022-10-28 23:34:39",
                "refreshTime": "2025-02-01 13:40:08",
                "createTime": "2022-10-28 08:19:37",
                "updateTime": "2025-02-01 13:40:07",
                "isAdopt": 1,
                "isAdoptCloud": 0,
                "isIdCard": 1,
                "rollBackAgreement": null,
                "remark": "",
                "shelfActionId": null,
                "isHalfway": 0
            },
            {
                "petId": 142974,
                "oldPetId": "2c9244fd836eb6d201841c153d4754b9",
                "petName": "奔奔",
                "petCode": "G221028011",
                "petType": "dog",
                "petTypeRemark": null,
                "petTypeBreed": "",
                "uuid": 1020268,
                "historyUuids": null,
                "rejectAdoptUuids": null,
                "employeeUuid": 1010078,
                "avatar": "https://img.hellothepaw.net/adopt/aliyun_1689170532609532.png",
                "sex": 1,
                "weight": "7.00",
                "weightType": "小型",
                "ageType": "成年",
                "ageMonth": "12",
                "hairType": "针毛",
                "hairLength": "短毛",
                "isHealth": 1,
                "healthDescription": null,
                "adoptNeedAddress": "广东省,广州市,无",
                "isVaccine": 1,
                "isDeworm": 1,
                "isNeuter": 1,
                "isShared": 0,
                "isTop": 0,
                "topNumber": 0,
                "latitude": "23.181284",
                "longitude": "113.205803",
                "address": "广东省佛山市南海区工业大道与桥兴大街交叉口正东方",
                "addressName": "中海·金沙里",
                "city": "佛山市",
                "province": "广东省",
                "imgs": "https://img.hellothepaw.net/adopt/aliyun_1689170532609532.png,https://img.hellothepaw.net/adopt/aliyun_168917053620735.png,https://img.hellothepaw.net/adopt/aliyun_1689170539811513.png,https://img.hellothepaw.net/adopt/aliyun_1689170541811154.png,https://img.hellothepaw.net/adopt/aliyun_1689170544016264.png,https://img.hellothepaw.net/adopt/aliyun_1689170546393579.png",
                "petDescription": "非常亲人，听话，随便摸，随便抱。",
                "adoptConditions": "不接受租屋申请领养，谢谢，",
                "adoptStatus": "待领养",
                "sourceType": "nice_help",
                "sourceRemark": "2022年9月在芳村坑口地铁站c出口救助，",
                "characterDescription": "非常胆小，亲人，憨厚可爱，",
                "applyStatus": "pass",
                "rejectReason": "",
                "isDelete": 0,
                "showScopes": null,
                "popularUpdateTime": null,
                "topUpdateTime": null,
                "infoUpdateTime": "2023-07-12 22:02:38",
                "applyUpdateTime": null,
                "adoptUpdateTime": "2022-10-28 00:00:00",
                "refreshTime": "2025-02-01 13:40:02",
                "createTime": "2022-10-28 08:54:25",
                "updateTime": "2025-02-01 13:40:02",
                "isAdopt": 1,
                "isAdoptCloud": 0,
                "isIdCard": 1,
                "rollBackAgreement": null,
                "remark": "",
                "shelfActionId": null,
                "isHalfway": 0
            },
            {
                "petId": 143212,
                "oldPetId": "2c9244fd8464939a0184d712c30922ac",
                "petName": "斌斌",
                "petCode": "G221203006",
                "petType": "dog",
                "petTypeRemark": null,
                "petTypeBreed": "",
                "uuid": 1020268,
                "historyUuids": null,
                "rejectAdoptUuids": null,
                "employeeUuid": 1010078,
                "avatar": "https://img.hellothepaw.net/adopt/aliyun_1689204530339250.png",
                "sex": 1,
                "weight": "7.00",
                "weightType": "小型",
                "ageType": "成年",
                "ageMonth": "18",
                "hairType": "卷毛",
                "hairLength": "短毛",
                "isHealth": 1,
                "healthDescription": null,
                "adoptNeedAddress": "广东省,广州市,无",
                "isVaccine": 1,
                "isDeworm": 1,
                "isNeuter": 1,
                "isShared": 0,
                "isTop": 0,
                "topNumber": 0,
                "latitude": "23.181684",
                "longitude": "113.2062",
                "address": "广东省佛山市南海区工业大道",
                "addressName": "中海金沙里-东门",
                "city": "佛山市",
                "province": "广东省",
                "imgs": "https://img.hellothepaw.net/adopt/aliyun_1689204530339250.png,https://img.hellothepaw.net/adopt/aliyun_1689204532878302.png,https://img.hellothepaw.net/adopt/aliyun_1689204535077162.png,https://img.hellothepaw.net/adopt/aliyun_1689204537190721.png,https://img.hellothepaw.net/adopt/aliyun_168920453926143.png",
                "petDescription": "非常听话，亲人，任摸，",
                "adoptConditions": "不接受租屋申请，谢谢。",
                "adoptStatus": "待领养",
                "sourceType": "nice_help",
                "sourceRemark": "2022年11月在白云区，由于疫情期间，主人投奔亲戚家，直接弃养，在附近流浪，被救助。",
                "characterDescription": "非常安静，听话，",
                "applyStatus": "pass",
                "rejectReason": "",
                "isDelete": 0,
                "showScopes": null,
                "popularUpdateTime": null,
                "topUpdateTime": null,
                "infoUpdateTime": "2023-07-13 07:29:41",
                "applyUpdateTime": null,
                "adoptUpdateTime": "2024-08-31 15:14:06",
                "refreshTime": "2025-02-01 13:39:56",
                "createTime": "2022-12-03 16:20:42",
                "updateTime": "2025-02-01 13:39:56",
                "isAdopt": 1,
                "isAdoptCloud": 0,
                "isIdCard": 1,
                "rollBackAgreement": null,
                "remark": "",
                "shelfActionId": null,
                "isHalfway": 0
            },
            {
                "petId": 146380,
                "oldPetId": "2c9244fd8695c3cc0186b44016b72938",
                "petName": "布布",
                "petCode": "G230306002",
                "petType": "dog",
                "petTypeRemark": null,
                "petTypeBreed": "",
                "uuid": 1020268,
                "historyUuids": null,
                "rejectAdoptUuids": "1210470",
                "employeeUuid": 1010078,
                "avatar": "https://img.hellothepaw.net/inpet/pet/fbc4c9399ece4ac9a3c616babf5bb8b0.png",
                "sex": 1,
                "weight": "25.00",
                "weightType": "大型",
                "ageType": "成年",
                "ageMonth": "18",
                "hairType": "针毛",
                "hairLength": "长毛",
                "isHealth": 1,
                "healthDescription": null,
                "adoptNeedAddress": "广东省,广州市,无",
                "isVaccine": 1,
                "isDeworm": 1,
                "isNeuter": 1,
                "isShared": 0,
                "isTop": 0,
                "topNumber": 0,
                "latitude": "23.181284",
                "longitude": "113.205803",
                "address": "广东省佛山市南海区工业大道与桥兴大街交叉口正东方",
                "addressName": "中海·金沙里",
                "city": "佛山市",
                "province": "广东省",
                "imgs": "https://img.hellothepaw.net/inpet/pet/fbc4c9399ece4ac9a3c616babf5bb8b0.png,https://img.hellothepaw.net/inpet/pet/45a4be550b854ea6a8c3911eec97b6be.png,https://img.hellothepaw.net/inpet/pet/83159aef0272431a8afaad1378b79e36.png,https://img.hellothepaw.net/inpet/pet/d2617d621531416da4aeba4a9bd14e04.png,https://img.hellothepaw.net/inpet/pet/bd4e901c5591432095b88250b63acb72.png",
                "petDescription": "非常乖，每天笑容满面，懂事，乐于陪伴，",
                "adoptConditions": "不接受租屋申请，谢谢，",
                "adoptStatus": "待领养",
                "sourceType": "nice_help",
                "sourceRemark": "2023年3月主人在花都弃养，被救助，",
                "characterDescription": "非常听话，爱笑，亲人，不爆冲，",
                "applyStatus": "pass",
                "rejectReason": "",
                "isDelete": 0,
                "showScopes": null,
                "popularUpdateTime": null,
                "topUpdateTime": null,
                "infoUpdateTime": "2023-03-07 00:59:17",
                "applyUpdateTime": "2024-10-29 21:42:21",
                "adoptUpdateTime": "2024-10-29 21:42:21",
                "refreshTime": "2025-02-01 13:39:46",
                "createTime": "2023-03-06 08:09:04",
                "updateTime": "2025-02-01 13:39:45",
                "isAdopt": 1,
                "isAdoptCloud": 0,
                "isIdCard": 1,
                "rollBackAgreement": null,
                "remark": "",
                "shelfActionId": null,
                "isHalfway": 0
            },
            {
                "petId": 147265,
                "oldPetId": null,
                "petName": "包包",
                "petCode": "D2304050007",
                "petType": "dog",
                "petTypeRemark": null,
                "petTypeBreed": "",
                "uuid": 1020268,
                "historyUuids": null,
                "rejectAdoptUuids": null,
                "employeeUuid": 1010078,
                "avatar": "https://img.hellothepaw.net/adopt/aliyun_1685602702483580.png",
                "sex": 1,
                "weight": "5.00",
                "weightType": "小型",
                "ageType": "成年",
                "ageMonth": "12",
                "hairType": "针毛",
                "hairLength": "中毛",
                "isHealth": 1,
                "healthDescription": "",
                "adoptNeedAddress": "广东省,广州市,荔湾区",
                "isVaccine": 1,
                "isDeworm": 1,
                "isNeuter": 1,
                "isShared": 0,
                "isTop": 0,
                "topNumber": 0,
                "latitude": "23.181284",
                "longitude": "113.205803",
                "address": "广东省佛山市南海区工业大道与桥兴大街交叉口正东方",
                "addressName": "中海·金沙里",
                "city": "佛山市",
                "province": "广东省",
                "imgs": "https://img.hellothepaw.net/adopt/aliyun_1685602702483580.png,https://img.hellothepaw.net/adopt/aliyun_1685602703650706.png,https://img.hellothepaw.net/adopt/aliyun_1685602705328911.png,https://img.hellothepaw.net/adopt/aliyun_168560270743996.png,https://img.hellothepaw.net/adopt/aliyun_1685602709824860.png,https://img.hellothepaw.net/adopt/aliyun_1685602710713190.png",
                "petDescription": "由于及时救助，身体非常健康，",
                "adoptConditions": "不接受租屋申请领养，谢谢，",
                "adoptStatus": "待领养",
                "sourceType": "nice_help",
                "sourceRemark": "2023年3月在广州大学城救助，",
                "characterDescription": "非常听话，亲人，任摸，不叫，",
                "applyStatus": "pass",
                "rejectReason": "",
                "isDelete": 0,
                "showScopes": null,
                "popularUpdateTime": null,
                "topUpdateTime": null,
                "infoUpdateTime": "2023-06-01 14:58:40",
                "applyUpdateTime": null,
                "adoptUpdateTime": null,
                "refreshTime": "2025-02-01 13:39:41",
                "createTime": "2023-04-05 21:02:23",
                "updateTime": "2025-02-01 13:39:40",
                "isAdopt": 1,
                "isAdoptCloud": 0,
                "isIdCard": 1,
                "rollBackAgreement": null,
                "remark": "亲人，陪伴首选，",
                "shelfActionId": null,
                "isHalfway": 0
            }
        ],
        "total": 732,
        "size": 10,
        "current": 2,
        "orders": [],
        "optimizeCountSql": true,
        "searchCount": true,
        "countId": null,
        "maxLimit": null,
        "pages": 74
    },
    "ok": true,
    "succeed": true
}