{
    "code": 200,
    "bcode": "00000",
    "msg": "请求成功",
    "data": {
        "records": [
            {
                "petId": 147541,
                "oldPetId": null,
                "petName": "多乐",
                "petCode": "D2306100002",
                "petType": "dog",
                "petTypeRemark": null,
                "petTypeBreed": "",
                "uuid": 1187547,
                "historyUuids": null,
                "rejectAdoptUuids": null,
                "employeeUuid": 1010078,
                "avatar": "https://img.hellothepaw.net/adopt/aliyun_1708014017331831.png",
                "sex": 1,
                "weight": "7.50",
                "weightType": "小型",
                "ageType": "成年",
                "ageMonth": "12",
                "hairType": "针毛",
                "hairLength": "中毛",
                "isHealth": 1,
                "healthDescription": "",
                "adoptNeedAddress": "广东省,广州市,无;广东省,佛山市,无",
                "isVaccine": 1,
                "isDeworm": 1,
                "isNeuter": 1,
                "isShared": 0,
                "isTop": 0,
                "topNumber": 0,
                "latitude": "23.0329",
                "longitude": "113.293121",
                "address": "广东省广州市番禺区地铁2号线",
                "addressName": "南浦[地铁站]",
                "city": "广州市",
                "province": "广东省",
                "imgs": "https://img.hellothepaw.net/adopt/aliyun_1708014017331831.png,https://img.hellothepaw.net/adopt/aliyun_1708014047494784.png,https://img.hellothepaw.net/adopt/aliyun_1708014084220486.png,https://img.hellothepaw.net/adopt/aliyun_171489180250856.png,https://img.hellothepaw.net/adopt/aliyun_171489180605130.png,https://img.hellothepaw.net/adopt/aliyun_1714891850255393.png,https://img.hellothepaw.net/adopt/aliyun_1723819784184517.png,https://img.hellothepaw.net/adopt/aliyun_1723819810357761.png,https://img.hellothepaw.net/adopt/aliyun_1723819824632232.png",
                "petDescription": "刚救的时候蠕形螨感染，身上大部分毛毛都没了，现在已经好了，医生说它最多1岁，希望能帮它找到一个家",
                "adoptConditions": "经济独立，稳定住所，不接受学生领养；\n办狗证，科学喂养，不喂廉价毒狗粮和剩饭菜；\n定期驱虫疫苗，有病积极医治；\n接受家访和回访；\n签协议，留身份证复印件",
                "adoptStatus": "待领养",
                "sourceType": "nice_help",
                "sourceRemark": "4月12号看到求助信息，皮肤病很严重，因为狗狗很警惕，约了有经验的义工4月15号一起捉，带去医院，蠕形螨感染",
                "characterDescription": "活泼",
                "applyStatus": "pass",
                "rejectReason": "",
                "isDelete": 0,
                "showScopes": null,
                "popularUpdateTime": null,
                "topUpdateTime": null,
                "infoUpdateTime": "2024-08-16 23:05:53",
                "applyUpdateTime": null,
                "adoptUpdateTime": "2025-01-13 16:13:25",
                "refreshTime": "2025-01-31 23:52:47",
                "createTime": "2023-06-10 18:08:15",
                "updateTime": "2025-01-31 23:52:47",
                "isAdopt": 1,
                "isAdoptCloud": 0,
                "isIdCard": 1,
                "rollBackAgreement": null,
                "remark": "",
                "shelfActionId": null,
                "isHalfway": 0
            },
            {
                "petId": 147911,
                "oldPetId": null,
                "petName": "八月",
                "petCode": "D2309050001",
                "petType": "dog",
                "petTypeRemark": null,
                "petTypeBreed": "",
                "uuid": 1187547,
                "historyUuids": null,
                "rejectAdoptUuids": null,
                "employeeUuid": 1010078,
                "avatar": "https://img.hellothepaw.net/adopt/aliyun_1714891899603792.png",
                "sex": 1,
                "weight": "11.00",
                "weightType": "大型",
                "ageType": "成年",
                "ageMonth": "12",
                "hairType": "针毛",
                "hairLength": "中毛",
                "isHealth": 1,
                "healthDescription": "",
                "adoptNeedAddress": "广东省,广州市,无;广东省,佛山市,无",
                "isVaccine": 1,
                "isDeworm": 1,
                "isNeuter": 1,
                "isShared": 0,
                "isTop": 0,
                "topNumber": 0,
                "latitude": "23.0329",
                "longitude": "113.293121",
                "address": "广东省广州市番禺区地铁2号线",
                "addressName": "南浦[地铁站]",
                "city": "广州市",
                "province": "广东省",
                "imgs": "https://img.hellothepaw.net/adopt/aliyun_1714891899603792.png,https://img.hellothepaw.net/adopt/aliyun_1714891980557857.png,https://img.hellothepaw.net/adopt/aliyun_1714891983833902.png,https://img.hellothepaw.net/adopt/aliyun_1714891985872239.png",
                "petDescription": "一岁的八月经历了被人打断股骨头的痛，由于被打过一开始很怕人，已做手术切除股骨头，现在痊愈，并不影响行走，经过医护的细心照顾，八月越来越活泼亲人，现在会主动求抱抱，希望八月能遇到爱它的家人",
                "adoptConditions": "经济独立，稳定住所，不接受学生领养；\n办狗证，科学喂养，不喂廉价毒狗粮和剩饭菜；\n定期驱虫疫苗，有病积极医治；\n接受家访和回访；\n签协议，留身份证复印件",
                "adoptStatus": "待领养",
                "sourceType": "nice_help",
                "sourceRemark": "2023年8月7号在小红书看到的求助，8号义工帮忙捉并送到医院检查，股骨头断了，已手术治疗，不影响行走",
                "characterDescription": "活泼亲人",
                "applyStatus": "pass",
                "rejectReason": "",
                "isDelete": 0,
                "showScopes": null,
                "popularUpdateTime": null,
                "topUpdateTime": null,
                "infoUpdateTime": "2024-05-05 14:53:30",
                "applyUpdateTime": null,
                "adoptUpdateTime": null,
                "refreshTime": "2025-01-31 23:52:37",
                "createTime": "2023-09-05 15:25:18",
                "updateTime": "2025-01-31 23:52:37",
                "isAdopt": 1,
                "isAdoptCloud": 0,
                "isIdCard": 1,
                "rollBackAgreement": null,
                "remark": "",
                "shelfActionId": null,
                "isHalfway": 0
            },
            {
                "petId": 148191,
                "oldPetId": null,
                "petName": "小P",
                "petCode": "D2311180003",
                "petType": "dog",
                "petTypeRemark": null,
                "petTypeBreed": "",
                "uuid": 1187547,
                "historyUuids": null,
                "rejectAdoptUuids": null,
                "employeeUuid": 1010078,
                "avatar": "https://img.hellothepaw.net/adopt/aliyun_1700292826960257.png",
                "sex": 2,
                "weight": "15.00",
                "weightType": "大型",
                "ageType": "成年",
                "ageMonth": "24",
                "hairType": "针毛",
                "hairLength": "短毛",
                "isHealth": 1,
                "healthDescription": "",
                "adoptNeedAddress": "广东省,广州市,无;广东省,佛山市,无",
                "isVaccine": 1,
                "isDeworm": 1,
                "isNeuter": 1,
                "isShared": 0,
                "isTop": 0,
                "topNumber": 0,
                "latitude": "23.46427",
                "longitude": "113.389008",
                "address": "广东省广州市花都区",
                "addressName": "花东镇",
                "city": "广州市",
                "province": "广东省",
                "imgs": "https://img.hellothepaw.net/adopt/aliyun_1700292826960257.png,https://img.hellothepaw.net/adopt/aliyun_1700292828020290.png",
                "petDescription": "小P流浪时经常被打、被驱赶，当时的它完全失去求生欲，现在在大家关爱下逐渐活泼，眼里有光，希望您能给她一个家",
                "adoptConditions": "经济独立，稳定住所，不接受学生领养；\n办狗证，科学喂养，不喂廉价毒狗粮和剩饭菜；\n定期驱虫疫苗，有病积极医治；\n接受家访和回访；\n签协议，留身份证复印件",
                "adoptStatus": "待领养",
                "sourceType": "nice_help",
                "sourceRemark": "路边救助的",
                "characterDescription": "活泼",
                "applyStatus": "pass",
                "rejectReason": "",
                "isDelete": 0,
                "showScopes": null,
                "popularUpdateTime": null,
                "topUpdateTime": null,
                "infoUpdateTime": "2023-11-18 15:37:12",
                "applyUpdateTime": null,
                "adoptUpdateTime": null,
                "refreshTime": "2025-01-31 23:52:29",
                "createTime": "2023-11-18 15:37:12",
                "updateTime": "2025-01-31 23:52:29",
                "isAdopt": 1,
                "isAdoptCloud": 0,
                "isIdCard": 1,
                "rollBackAgreement": null,
                "remark": "",
                "shelfActionId": null,
                "isHalfway": 0
            },
            {
                "petId": 148249,
                "oldPetId": null,
                "petName": "奶油",
                "petCode": "D2312060003",
                "petType": "dog",
                "petTypeRemark": null,
                "petTypeBreed": "",
                "uuid": 1187547,
                "historyUuids": null,
                "rejectAdoptUuids": "1329355,1089744",
                "employeeUuid": 1010078,
                "avatar": "https://img.hellothepaw.net/adopt/aliyun_1708791723080529.png",
                "sex": 2,
                "weight": "5.00",
                "weightType": "小型",
                "ageType": "成年",
                "ageMonth": "24",
                "hairType": "卷毛",
                "hairLength": "中毛",
                "isHealth": 1,
                "healthDescription": "",
                "adoptNeedAddress": "广东省,广州市,无;广东省,佛山市,无",
                "isVaccine": 1,
                "isDeworm": 1,
                "isNeuter": 1,
                "isShared": 0,
                "isTop": 0,
                "topNumber": 0,
                "latitude": "23.0329",
                "longitude": "113.293121",
                "address": "广东省广州市番禺区地铁2号线",
                "addressName": "南浦[地铁站]",
                "city": "广州市",
                "province": "广东省",
                "imgs": "https://img.hellothepaw.net/adopt/aliyun_1708791723080529.png,https://img.hellothepaw.net/adopt/aliyun_1708791725521269.png,https://img.hellothepaw.net/adopt/aliyun_1708791727471866.png,https://img.hellothepaw.net/adopt/aliyun_1708791729612199.png",
                "petDescription": "奶油是工业区的一个工厂流浪的，据了解是一个工厂养的，年初工厂搬走遗弃它，无处可去的奶油把门卫处当家，但那边有人经常打它，这次救助是因为奶油背部被打都皮开肉烂，现已痊愈，由于经常被打，奶油对不熟悉的人很警惕，但如果没有恶意的话，它也很快亲近你的，希望你能给奶油一个家",
                "adoptConditions": "经济独立，稳定住所，不接受学生领养；\n办狗证，科学喂养，不喂廉价毒狗粮和剩饭菜；\n定期驱虫疫苗，有病积极医治；\n接受家访和回访；\n签协议，留身份证复印件",
                "adoptStatus": "待领养",
                "sourceType": "nice_help",
                "sourceRemark": "10月25号看到的求助信息，10月26号救助，奶油在广州花都华兴工业区的一个工厂流浪，平时保安会给它吃喝，据了解狗狗是一个工厂养的，年初工厂搬走遗弃它，无处可去的奶油把门卫处当家，但那边有人经常打它，这次救助是因为奶油背部被打都皮开肉烂，现已痊愈",
                "characterDescription": "活泼，粘人",
                "applyStatus": "pass",
                "rejectReason": "",
                "isDelete": 0,
                "showScopes": null,
                "popularUpdateTime": null,
                "topUpdateTime": null,
                "infoUpdateTime": "2024-02-25 00:22:39",
                "applyUpdateTime": "2024-12-19 12:15:45",
                "adoptUpdateTime": "2025-01-18 13:49:53",
                "refreshTime": "2025-01-31 23:52:19",
                "createTime": "2023-12-06 17:31:32",
                "updateTime": "2025-01-31 23:52:18",
                "isAdopt": 1,
                "isAdoptCloud": 0,
                "isIdCard": 1,
                "rollBackAgreement": null,
                "remark": "",
                "shelfActionId": null,
                "isHalfway": 0
            },
            {
                "petId": 148590,
                "oldPetId": null,
                "petName": "何金水",
                "petCode": "D2404100004",
                "petType": "dog",
                "petTypeRemark": null,
                "petTypeBreed": "",
                "uuid": 1138921,
                "historyUuids": null,
                "rejectAdoptUuids": null,
                "employeeUuid": 1010078,
                "avatar": "https://img.hellothepaw.net/adopt/aliyun_1712691524562497.png",
                "sex": 1,
                "weight": "20.00",
                "weightType": "大型",
                "ageType": "幼年",
                "ageMonth": "5",
                "hairType": "卷毛",
                "hairLength": "长毛",
                "isHealth": 1,
                "healthDescription": "曾经骨折，已手术治疗，能正常活动",
                "adoptNeedAddress": "广东省,广州市,无;广东省,佛山市,无",
                "isVaccine": 1,
                "isDeworm": 1,
                "isNeuter": 0,
                "isShared": 0,
                "isTop": 0,
                "topNumber": 0,
                "latitude": "23.278034",
                "longitude": "113.81441",
                "address": "广东省广州市增城区地铁21号线",
                "addressName": "增城广场[地铁站]",
                "city": "广州市",
                "province": "广东省",
                "imgs": "https://img.hellothepaw.net/adopt/aliyun_1712691524562497.png,https://img.hellothepaw.net/adopt/aliyun_1712691538731652.png,https://img.hellothepaw.net/adopt/aliyun_1712691571882965.png",
                "petDescription": "金水年轻有为，颜值能打，缺一个有爱心有耐心的铲屎官和他双向奔赴！",
                "adoptConditions": "家庭养宠，不接受工厂农场等看门工作；\n家庭全体成员一致喜欢狗狗进入家庭；\n有养大型犬经验者为佳；\n经济独立，稳定住所，不接受学生领养；\n办狗证，科学喂养，不喂廉价毒狗粮和剩饭菜；\n定期驱虫疫苗，适龄绝育，有病积极医治；\n接受家访和回访\n有养大型犬幼犬经验者为佳",
                "adoptStatus": "待领养",
                "sourceType": "nice_help",
                "sourceRemark": "金水被救于一个城中村，开小食店的老板准备养他来卖狗肉店的，义工经过不忍心，出钱把他买下后找领养",
                "characterDescription": "亲人，活泼",
                "applyStatus": "pass",
                "rejectReason": "",
                "isDelete": 0,
                "showScopes": null,
                "popularUpdateTime": null,
                "topUpdateTime": null,
                "infoUpdateTime": "2024-04-10 03:41:52",
                "applyUpdateTime": null,
                "adoptUpdateTime": null,
                "refreshTime": "2025-01-31 23:06:04",
                "createTime": "2024-04-10 03:41:52",
                "updateTime": "2025-01-31 23:06:03",
                "isAdopt": 1,
                "isAdoptCloud": 0,
                "isIdCard": 1,
                "rollBackAgreement": null,
                "remark": "",
                "shelfActionId": null,
                "isHalfway": 0
            },
            {
                "petId": 147941,
                "oldPetId": null,
                "petName": "靓仔",
                "petCode": "D2309150002",
                "petType": "dog",
                "petTypeRemark": null,
                "petTypeBreed": "",
                "uuid": 1138921,
                "historyUuids": null,
                "rejectAdoptUuids": "1168141",
                "employeeUuid": 1010078,
                "avatar": "https://img.hellothepaw.net/adopt/aliyun_1694790518589570.png",
                "sex": 1,
                "weight": "30.00",
                "weightType": "中型",
                "ageType": "成年",
                "ageMonth": "60",
                "hairType": "针毛",
                "hairLength": "中毛",
                "isHealth": 1,
                "healthDescription": "",
                "adoptNeedAddress": "广东省,广州市,无",
                "isVaccine": 1,
                "isDeworm": 1,
                "isNeuter": 1,
                "isShared": 0,
                "isTop": 0,
                "topNumber": 0,
                "latitude": "22.983946",
                "longitude": "113.325005",
                "address": "广东省广州市番禺区南文街",
                "addressName": "番禺区钟村南国奥林匹克花园(北京奥运村二区)",
                "city": "广州市",
                "province": "广东省",
                "imgs": "https://img.hellothepaw.net/adopt/aliyun_1694790518589570.png,https://img.hellothepaw.net/adopt/aliyun_1694790529014849.png,https://img.hellothepaw.net/adopt/aliyun_1694790540982974.png,https://img.hellothepaw.net/adopt/aliyun_1694790550284450.png,https://img.hellothepaw.net/adopt/aliyun_1694790557484571.png,https://img.hellothepaw.net/adopt/aliyun_1694790565087768.png",
                "petDescription": "狗狗被主人带去一家宠物医院洗澡后，主人恶意失联，狗狗就这样被弃养在医院了。\n靓仔的确是颜值很高，身体健康毛发亮泽，看得出来主人原来也照顾的很好，性格活泼亲人，且超级聪明！希望能给他找到有爱家庭！",
                "adoptConditions": "家庭养宠，不接受工厂农场等看门工作；\n经济独立，稳定住所，不接受学生领养；\n办狗证，科学喂养，不喂廉价毒狗粮和剩饭菜；\n定期驱虫疫苗，适龄绝育，有病积极医治；\n接受家访和回访；\n签协议，留身份证复印件\n有养中大型犬经验",
                "adoptStatus": "待领养",
                "sourceType": "nice_help",
                "sourceRemark": "狗狗被主人放在医院洗澡后恶意失联，医生找我帮忙一起给狗狗找领养",
                "characterDescription": "活泼可爱，亲人亲狗",
                "applyStatus": "pass",
                "rejectReason": "",
                "isDelete": 0,
                "showScopes": null,
                "popularUpdateTime": null,
                "topUpdateTime": null,
                "infoUpdateTime": "2023-09-15 23:23:59",
                "applyUpdateTime": null,
                "adoptUpdateTime": "2024-01-04 21:03:22",
                "refreshTime": "2025-01-31 23:05:35",
                "createTime": "2023-09-15 23:23:59",
                "updateTime": "2025-01-31 23:05:35",
                "isAdopt": 1,
                "isAdoptCloud": 0,
                "isIdCard": 1,
                "rollBackAgreement": null,
                "remark": "",
                "shelfActionId": null,
                "isHalfway": 0
            },
            {
                "petId": 147928,
                "oldPetId": null,
                "petName": "灯笼",
                "petCode": "D2309100001",
                "petType": "dog",
                "petTypeRemark": null,
                "petTypeBreed": "",
                "uuid": 1102490,
                "historyUuids": null,
                "rejectAdoptUuids": "1334224",
                "employeeUuid": 1010078,
                "avatar": "https://img.hellothepaw.net/adopt/aliyun_1694344827901869.png",
                "sex": 2,
                "weight": "10.00",
                "weightType": "小型",
                "ageType": "成年",
                "ageMonth": "12",
                "hairType": "卷毛",
                "hairLength": "中毛",
                "isHealth": 1,
                "healthDescription": "",
                "adoptNeedAddress": "广东省,广州市,无;广东省,深圳市,无;广东省,佛山市,无;广东省,东莞市,无;广东省,中山市,无",
                "isVaccine": 1,
                "isDeworm": 1,
                "isNeuter": 1,
                "isShared": 1,
                "isTop": 0,
                "topNumber": 0,
                "latitude": "22.794498",
                "longitude": "113.532257",
                "address": "广东省广州市南沙区双山大道3号",
                "addressName": "广州南沙万达广场",
                "city": "广州市",
                "province": "广东省",
                "imgs": "https://img.hellothepaw.net/adopt/aliyun_1694344827901869.png,https://img.hellothepaw.net/adopt/aliyun_1694344829079415.png,https://img.hellothepaw.net/adopt/aliyun_1694344830154752.png,https://img.hellothepaw.net/adopt/aliyun_169434483211314.png",
                "petDescription": "一句话：再亲的人也可能会背叛，但狗永远不会背叛主人；狗只是你的众多亲人之一，但你在狗狗眼里是它的全部。",
                "adoptConditions": "人生各个阶段包括换工作结婚怀孕生育养育小孩都不会弃养重新找主人，视狗狗为家庭成员之一，出差旅游回老家期间寄养在正规的宠物医院，而不是托管给亲戚朋友同学同事，降低走丢风险。所有狗狗都有可能会出现家里尿尿，半夜听到外面环境有动静吠叫的情况，属于狗狗天性，如无法接受养狗过程中需要适应的这些困难也觉得自己无时间精力去学习如何调教狗狗，不建议养宠。",
                "adoptStatus": "待领养",
                "sourceType": "nice_help",
                "sourceRemark": "街坊反馈暴雨台风天气流浪数天，见到躲避到停车场避雨，于是救助。",
                "characterDescription": "亲人粘人适合初养者",
                "applyStatus": "pass",
                "rejectReason": "",
                "isDelete": 0,
                "showScopes": null,
                "popularUpdateTime": null,
                "topUpdateTime": null,
                "infoUpdateTime": "2024-06-20 14:19:57",
                "applyUpdateTime": null,
                "adoptUpdateTime": "2024-10-28 20:50:42",
                "refreshTime": "2025-01-31 17:25:35",
                "createTime": "2023-09-10 19:40:51",
                "updateTime": "2025-01-31 17:25:35",
                "isAdopt": 1,
                "isAdoptCloud": 0,
                "isIdCard": 1,
                "rollBackAgreement": null,
                "remark": "",
                "shelfActionId": null,
                "isHalfway": 0
            },
            {
                "petId": 147980,
                "oldPetId": null,
                "petName": "小鹿犬月饼",
                "petCode": "D2309270005",
                "petType": "dog",
                "petTypeRemark": null,
                "petTypeBreed": "",
                "uuid": 1102490,
                "historyUuids": null,
                "rejectAdoptUuids": null,
                "employeeUuid": 1010078,
                "avatar": "https://img.hellothepaw.net/adopt/aliyun_1695815897013801.png",
                "sex": 1,
                "weight": "15.00",
                "weightType": "大型",
                "ageType": "成年",
                "ageMonth": "60",
                "hairType": "针毛",
                "hairLength": "短毛",
                "isHealth": 1,
                "healthDescription": "",
                "adoptNeedAddress": "广东省,广州市,无;广东省,深圳市,无;广东省,佛山市,无;广东省,东莞市,无;广东省,中山市,无",
                "isVaccine": 1,
                "isDeworm": 1,
                "isNeuter": 1,
                "isShared": 1,
                "isTop": 0,
                "topNumber": 0,
                "latitude": "22.794498",
                "longitude": "113.532257",
                "address": "广东省广州市南沙区双山大道3号",
                "addressName": "广州南沙万达广场",
                "city": "广州市",
                "province": "广东省",
                "imgs": "https://img.hellothepaw.net/adopt/aliyun_1695815897013801.png,https://img.hellothepaw.net/adopt/aliyun_1695815986227326.png",
                "petDescription": "一句话：再亲的人也可能会背叛，但狗永远不会背叛主人；狗只是你的众多亲人之一，但你在狗狗眼里是它的全部。",
                "adoptConditions": "人生各个阶段包括换工作结婚怀孕生育养育小孩都不会弃养重新找主人，视狗狗为家庭成员之一，出差旅游回老家期间寄养在正规的宠物医院，而不是托管给亲戚朋友同学同事，降低走丢风险。所有狗狗都有可能会出现家里尿尿，半夜听到外面环境有动静吠叫的情况，属于狗狗天性，如无法接受养狗过程中需要适应的这些困难也觉得自己无时间精力去学习如何调教狗狗，不建议养宠。",
                "adoptStatus": "待领养",
                "sourceType": "nice_help",
                "sourceRemark": "街坊反馈暴雨台风天气流浪数天，见到躲避到停车场避雨，于是救助。",
                "characterDescription": "亲人胆小适合初养者",
                "applyStatus": "pass",
                "rejectReason": "",
                "isDelete": 0,
                "showScopes": null,
                "popularUpdateTime": null,
                "topUpdateTime": null,
                "infoUpdateTime": "2024-06-20 14:19:45",
                "applyUpdateTime": null,
                "adoptUpdateTime": null,
                "refreshTime": "2025-01-31 17:25:29",
                "createTime": "2023-09-27 20:01:08",
                "updateTime": "2025-01-31 17:25:29",
                "isAdopt": 1,
                "isAdoptCloud": 0,
                "isIdCard": 1,
                "rollBackAgreement": null,
                "remark": "",
                "shelfActionId": null,
                "isHalfway": 0
            },
            {
                "petId": 148123,
                "oldPetId": null,
                "petName": "马犬窝头",
                "petCode": "D2311020005",
                "petType": "dog",
                "petTypeRemark": null,
                "petTypeBreed": "",
                "uuid": 1102490,
                "historyUuids": null,
                "rejectAdoptUuids": null,
                "employeeUuid": 1010078,
                "avatar": "https://img.hellothepaw.net/adopt/aliyun_1711272146944577.png",
                "sex": 1,
                "weight": "25.00",
                "weightType": "大型",
                "ageType": "成年",
                "ageMonth": "12",
                "hairType": "针毛",
                "hairLength": "短毛",
                "isHealth": 1,
                "healthDescription": "",
                "adoptNeedAddress": "广东省,深圳市,无;广东省,佛山市,无;广东省,东莞市,无",
                "isVaccine": 1,
                "isDeworm": 1,
                "isNeuter": 0,
                "isShared": 0,
                "isTop": 0,
                "topNumber": 0,
                "latitude": "22.705097",
                "longitude": "113.549583",
                "address": "广东省广州市南沙区",
                "addressName": "万顷沙镇",
                "city": "广州市",
                "province": "广东省",
                "imgs": "https://img.hellothepaw.net/adopt/aliyun_1711272146944577.png,https://img.hellothepaw.net/adopt/aliyun_1711272192680242.png,https://img.hellothepaw.net/adopt/aliyun_1711272207306531.png,https://img.hellothepaw.net/adopt/aliyun_1711272217309479.png,https://img.hellothepaw.net/adopt/aliyun_1711272224881168.png,https://img.hellothepaw.net/adopt/aliyun_1711272235248139.png",
                "petDescription": "一句话：再亲的人也可能会背叛，但狗永远不会背叛主人；狗只是你的众多亲人之一，但你在狗狗眼里是它的全部。",
                "adoptConditions": "人生各个阶段包括换工作结婚怀孕生育养育小孩都不会弃养重新找主人，视狗狗为家庭成员之一，出差旅游回老家期间寄养在正规的宠物医院，而不是托管给亲戚朋友同学同事，降低走丢风险；需要有大型犬只养狗经验有经济实力与时间精力的人领养。所有狗狗都有可能会出现家里尿尿，半夜听到外面环境有动静吠叫的情况，属于狗狗天性，如无法接受养狗过程中需要适应的这些困难也觉得自己无时间精力去学习如何调教狗狗，不建议养宠。",
                "adoptStatus": "待领养",
                "sourceType": "nice_help",
                "sourceRemark": "被遗弃的流浪狗",
                "characterDescription": "亲人胆小",
                "applyStatus": "pass",
                "rejectReason": "",
                "isDelete": 0,
                "showScopes": null,
                "popularUpdateTime": null,
                "topUpdateTime": null,
                "infoUpdateTime": "2024-06-20 14:19:25",
                "applyUpdateTime": null,
                "adoptUpdateTime": null,
                "refreshTime": "2025-01-31 17:25:24",
                "createTime": "2023-11-02 19:13:12",
                "updateTime": "2025-01-31 17:25:23",
                "isAdopt": 1,
                "isAdoptCloud": 0,
                "isIdCard": 1,
                "rollBackAgreement": null,
                "remark": "",
                "shelfActionId": null,
                "isHalfway": 0
            },
            {
                "petId": 148380,
                "oldPetId": null,
                "petName": "柴犬冬至",
                "petCode": "D2401230004",
                "petType": "dog",
                "petTypeRemark": null,
                "petTypeBreed": "",
                "uuid": 1102490,
                "historyUuids": null,
                "rejectAdoptUuids": null,
                "employeeUuid": 1010078,
                "avatar": "https://img.hellothepaw.net/adopt/aliyun_1721710692807609.png",
                "sex": 1,
                "weight": "5.00",
                "weightType": "小型",
                "ageType": "幼年",
                "ageMonth": "8",
                "hairType": "针毛",
                "hairLength": "短毛",
                "isHealth": 1,
                "healthDescription": "",
                "adoptNeedAddress": "广东省,广州市,无;广东省,深圳市,无;广东省,佛山市,无;广东省,东莞市,无;广东省,中山市,无",
                "isVaccine": 1,
                "isDeworm": 1,
                "isNeuter": 1,
                "isShared": 0,
                "isTop": 0,
                "topNumber": 0,
                "latitude": "22.794498",
                "longitude": "113.532257",
                "address": "广东省广州市南沙区双山大道3号",
                "addressName": "广州南沙万达广场",
                "city": "广州市",
                "province": "广东省",
                "imgs": "https://img.hellothepaw.net/adopt/aliyun_1721710692807609.png,https://img.hellothepaw.net/adopt/aliyun_1721710844837196.png,https://img.hellothepaw.net/adopt/aliyun_1721710855254998.png",
                "petDescription": "狗狗会有室内尿尿的情况，非常胆小，害怕的时候会尿尿，开心的时候也会激动到尿尿，狗狗天性听到动静会吠叫，需要领养人用耐心与爱去训导，目前狗狗是寄养状态。",
                "adoptConditions": "同住人以及房东均同意；不会因为人生各个阶段（读书，工作，结婚，怀孕，生育以及移民）的变动而弃养；办理狗证，科学文明养犬；过年回老家出差旅游均选择正规宠物店或者宠物医院寄养，而不是让亲戚朋友同事同学暂养而发生走丢的意外事件。柴犬这个品种容易走丢，建议配一个定位器。",
                "adoptStatus": "待领养",
                "sourceType": "nice_help",
                "sourceRemark": "狗狗是在一个月黑风高降温巨冷冬至那周的晚上躲入车底被救出来的，下半身怀疑曾经被车压过，经过手术后后腿已恢复正常行走；由于蛋蛋受了外伤难以修复，所以医生也顺带为其绝育了。",
                "characterDescription": "可爱活泼胆小",
                "applyStatus": "pass",
                "rejectReason": "",
                "isDelete": 0,
                "showScopes": null,
                "popularUpdateTime": null,
                "topUpdateTime": null,
                "infoUpdateTime": "2024-08-15 21:42:15",
                "applyUpdateTime": "2024-06-22 21:24:36",
                "adoptUpdateTime": "2024-06-22 21:24:36",
                "refreshTime": "2025-01-31 17:25:18",
                "createTime": "2024-01-23 23:09:35",
                "updateTime": "2025-01-31 17:25:17",
                "isAdopt": 1,
                "isAdoptCloud": 0,
                "isIdCard": 1,
                "rollBackAgreement": null,
                "remark": "",
                "shelfActionId": null,
                "isHalfway": 0
            }
        ],
        "total": 732,
        "size": 10,
        "current": 4,
        "orders": [],
        "optimizeCountSql": true,
        "searchCount": true,
        "countId": null,
        "maxLimit": null,
        "pages": 74
    },
    "ok": true,
    "succeed": true
}