{
    "code": 200,
    "bcode": "00000",
    "msg": "请求成功",
    "data": {
        "records": [
            {
                "petId": 148390,
                "oldPetId": null,
                "petName": "金毛永旺",
                "petCode": "D2401270005",
                "petType": "dog",
                "petTypeRemark": null,
                "petTypeBreed": "",
                "uuid": 1102490,
                "historyUuids": null,
                "rejectAdoptUuids": "1319238,1185778",
                "employeeUuid": 1010078,
                "avatar": "https://img.hellothepaw.net/adopt/aliyun_1706344995075303.png",
                "sex": 1,
                "weight": "30.00",
                "weightType": "中型",
                "ageType": "成年",
                "ageMonth": "24",
                "hairType": "卷毛",
                "hairLength": "长毛",
                "isHealth": 1,
                "healthDescription": "",
                "adoptNeedAddress": "广东省,广州市,无;广东省,深圳市,无;广东省,佛山市,无;广东省,东莞市,无;广东省,中山市,无",
                "isVaccine": 0,
                "isDeworm": 1,
                "isNeuter": 0,
                "isShared": 0,
                "isTop": 0,
                "topNumber": 0,
                "latitude": "22.794498",
                "longitude": "113.532257",
                "address": "广东省广州市南沙区双山大道3号",
                "addressName": "广州南沙万达广场",
                "city": "广州市",
                "province": "广东省",
                "imgs": "https://img.hellothepaw.net/adopt/aliyun_1706344995075303.png,https://img.hellothepaw.net/adopt/aliyun_1706345030274699.png,https://img.hellothepaw.net/adopt/aliyun_1706345052145858.png,https://img.hellothepaw.net/adopt/aliyun_170634507268673.png,https://img.hellothepaw.net/adopt/aliyun_1706345684315286.png,https://img.hellothepaw.net/adopt/aliyun_1706345719901527.png",
                "petDescription": "金毛体型大需要消耗体力，美容洗澡驱虫体检医疗花费开销比小体型的狗狗大，需要有时间早晚遛狗（约一个小时单次）以及有比较好的经济能力负担日常开销。",
                "adoptConditions": "同住人以及房东均同意；不会因为人生各个阶段（读书，工作，结婚，怀孕，生育以及移民）的变动而弃养；办理狗证，科学文明养犬；过年回老家出差旅游均选择正规宠物店或者宠物医院寄养，而不是让亲戚朋友同事同学暂养而发生走丢的意外事件。所有狗狗都有可能会出现家里尿尿，半夜听到外面环境有动静吠叫的情况，属于狗狗天性，如无法接受养狗过程中需要适应的这些困难也觉得自己无时间精力去学习如何调教狗狗，不建议养宠。",
                "adoptStatus": "待领养",
                "sourceType": "nice_help",
                "sourceRemark": "狗狗在路上流浪，于是救助回来。",
                "characterDescription": "活泼亲人",
                "applyStatus": "pass",
                "rejectReason": "",
                "isDelete": 0,
                "showScopes": null,
                "popularUpdateTime": null,
                "topUpdateTime": null,
                "infoUpdateTime": "2024-06-20 14:17:19",
                "applyUpdateTime": null,
                "adoptUpdateTime": "2024-08-25 13:32:37",
                "refreshTime": "2025-01-31 17:25:12",
                "createTime": "2024-01-27 16:53:22",
                "updateTime": "2025-01-31 17:25:12",
                "isAdopt": 1,
                "isAdoptCloud": 0,
                "isIdCard": 1,
                "rollBackAgreement": null,
                "remark": "",
                "shelfActionId": null,
                "isHalfway": 0
            },
            {
                "petId": 148503,
                "oldPetId": null,
                "petName": "大白",
                "petCode": "D2403170003",
                "petType": "dog",
                "petTypeRemark": null,
                "petTypeBreed": "",
                "uuid": 1102490,
                "historyUuids": null,
                "rejectAdoptUuids": null,
                "employeeUuid": 1010078,
                "avatar": "https://img.hellothepaw.net/adopt/aliyun_1728098284864258.png",
                "sex": 2,
                "weight": "9.00",
                "weightType": "小型",
                "ageType": "成年",
                "ageMonth": "36",
                "hairType": "针毛",
                "hairLength": "长毛",
                "isHealth": 1,
                "healthDescription": "",
                "adoptNeedAddress": "广东省,广州市,无;广东省,深圳市,无;广东省,佛山市,无;广东省,东莞市,无;广东省,中山市,无",
                "isVaccine": 1,
                "isDeworm": 1,
                "isNeuter": 0,
                "isShared": 0,
                "isTop": 0,
                "topNumber": 0,
                "latitude": "22.794498",
                "longitude": "113.532257",
                "address": "广东省广州市南沙区双山大道3号",
                "addressName": "广州南沙万达广场",
                "city": "广州市",
                "province": "广东省",
                "imgs": "https://img.hellothepaw.net/adopt/aliyun_1728098284864258.png,https://img.hellothepaw.net/adopt/aliyun_1728098290792380.png,https://img.hellothepaw.net/adopt/aliyun_1728098295821150.png,https://img.hellothepaw.net/adopt/aliyun_1728098299903835.png,https://img.hellothepaw.net/adopt/aliyun_1728098304267494.png,https://img.hellothepaw.net/adopt/aliyun_1728098308345783.png",
                "petDescription": "",
                "adoptConditions": "不会因为人生各个阶段读书工作结婚怀孕生育出国而中途弃养，视狗狗为家庭成员之一；旅游过年回老家出差，选择正规宠物医院寄养，而不是交给亲戚朋友同学同事暂养，以防止发生走丢中毒等意外悲剧；领养后一个月内办好狗证。所有狗狗都有可能会出现家里尿尿，半夜听到外面环境有动静吠叫的情况，属于狗狗天性，如无法接受养狗过程中需要适应的这些困难也觉得自己无时间精力去学习如何调教狗狗，不建议养宠。",
                "adoptStatus": "待领养",
                "sourceType": "nice_help",
                "sourceRemark": "原主人长期喂食人吃的饭菜导致胰腺炎，送去医院治疗只承担了一部分费用后决定弃养；于是本人承担了余下的所有治疗费用，狗狗已经痊愈健康活泼好动。",
                "characterDescription": "活泼忠心",
                "applyStatus": "pass",
                "rejectReason": "",
                "isDelete": 0,
                "showScopes": null,
                "popularUpdateTime": null,
                "topUpdateTime": null,
                "infoUpdateTime": "2024-10-05 11:18:55",
                "applyUpdateTime": null,
                "adoptUpdateTime": null,
                "refreshTime": "2025-01-31 17:25:07",
                "createTime": "2024-03-17 18:26:28",
                "updateTime": "2025-01-31 17:25:06",
                "isAdopt": 1,
                "isAdoptCloud": 0,
                "isIdCard": 1,
                "rollBackAgreement": null,
                "remark": "狗狗曾经因为被原主人喂食人吃的剩饭菜导致生病，现已经痊愈。",
                "shelfActionId": null,
                "isHalfway": 0
            },
            {
                "petId": 148891,
                "oldPetId": null,
                "petName": "杜宾宾宾",
                "petCode": "D2407070003",
                "petType": "dog",
                "petTypeRemark": null,
                "petTypeBreed": "",
                "uuid": 1102490,
                "historyUuids": null,
                "rejectAdoptUuids": null,
                "employeeUuid": 1010078,
                "avatar": "https://img.hellothepaw.net/adopt/aliyun_1720323533614928.png",
                "sex": 2,
                "weight": "21.00",
                "weightType": "大型",
                "ageType": "成年",
                "ageMonth": "36",
                "hairType": "针毛",
                "hairLength": "短毛",
                "isHealth": 1,
                "healthDescription": "",
                "adoptNeedAddress": "广东省,深圳市,无",
                "isVaccine": 1,
                "isDeworm": 1,
                "isNeuter": 1,
                "isShared": 0,
                "isTop": 0,
                "topNumber": 0,
                "latitude": "22.794498",
                "longitude": "113.532257",
                "address": "广东省广州市南沙区双山大道3号",
                "addressName": "广州南沙万达广场",
                "city": "广州市",
                "province": "广东省",
                "imgs": "https://img.hellothepaw.net/adopt/aliyun_1720323533614928.png,https://img.hellothepaw.net/adopt/aliyun_1720323535879995.png,https://img.hellothepaw.net/adopt/aliyun_1720323538373340.png",
                "petDescription": "狗狗的原主人可能曾经笼养狗狗用来繁殖，所以性格有点自卑有点害羞，需要新主人用爱与耐心让它重新展现更多笑容。",
                "adoptConditions": "不会因为人生各阶段例如搬家换工作结婚怀孕生育而弃养；出差旅游回老家选择正规宠物医院寄养，而不是转交同事同学亲戚朋友代照顾发生跑丢的意外。",
                "adoptStatus": "待领养",
                "sourceType": "nice_help",
                "sourceRemark": "小区广场发现它，暴雨中自己孤零零地没有地方躲雨，小区业主说它已经待在原地一天一夜，怀疑主人开车过来丢弃在此。",
                "characterDescription": "温厚善良",
                "applyStatus": "pass",
                "rejectReason": "",
                "isDelete": 0,
                "showScopes": null,
                "popularUpdateTime": null,
                "topUpdateTime": null,
                "infoUpdateTime": "2024-07-08 00:44:27",
                "applyUpdateTime": null,
                "adoptUpdateTime": null,
                "refreshTime": "2025-01-31 17:25:01",
                "createTime": "2024-07-07 11:46:09",
                "updateTime": "2025-01-31 17:25:00",
                "isAdopt": 1,
                "isAdoptCloud": 0,
                "isIdCard": 1,
                "rollBackAgreement": null,
                "remark": "",
                "shelfActionId": null,
                "isHalfway": 0
            },
            {
                "petId": 149220,
                "oldPetId": null,
                "petName": "摩羯",
                "petCode": "D2411100001",
                "petType": "dog",
                "petTypeRemark": null,
                "petTypeBreed": "",
                "uuid": 1102490,
                "historyUuids": null,
                "rejectAdoptUuids": null,
                "employeeUuid": 1010038,
                "avatar": "https://img.hellothepaw.net/adopt/aliyun_1731223263178556.png",
                "sex": 1,
                "weight": "5.00",
                "weightType": "小型",
                "ageType": "幼年",
                "ageMonth": "3",
                "hairType": "针毛",
                "hairLength": "短毛",
                "isHealth": 1,
                "healthDescription": "",
                "adoptNeedAddress": "广东省,广州市,无;广东省,佛山市,无;广东省,中山市,无;广东省,深圳市,无;广东省,东莞市,无",
                "isVaccine": 1,
                "isDeworm": 1,
                "isNeuter": 0,
                "isShared": 0,
                "isTop": 0,
                "topNumber": 0,
                "latitude": "22.794498",
                "longitude": "113.532257",
                "address": "广东省广州市南沙区双山大道3号",
                "addressName": "广州南沙万达广场",
                "city": "广州市",
                "province": "广东省",
                "imgs": "https://img.hellothepaw.net/adopt/aliyun_1731223263178556.png,https://img.hellothepaw.net/adopt/aliyun_1731223265517669.png,https://img.hellothepaw.net/adopt/aliyun_1731223267887468.png,https://img.hellothepaw.net/adopt/aliyun_1731223270994803.png,https://img.hellothepaw.net/adopt/aliyun_1731223273248393.png,https://img.hellothepaw.net/adopt/aliyun_1731223275556298.png",
                "petDescription": "奶狗性格是一张白纸，它会是什么性格，将由领养人科学管理，描绘多姿多彩的颜色！",
                "adoptConditions": "领养后一个月内办理狗证，人生各个阶段都不会放弃继续饲养，赞同怀孕养娃与养宠物没有冲突；过年回家出差旅游选择正规宠物医院寄养；而不是让熟人代养避免发生走丢的风险；有独立经济能力与独立自主意识。",
                "adoptStatus": "待领养",
                "sourceType": "nice_help",
                "sourceRemark": "台风“摩羯”登陆那天救助的被遗弃小奶狗",
                "characterDescription": "温柔可爱的男孩子",
                "applyStatus": "pass",
                "rejectReason": "",
                "isDelete": 0,
                "showScopes": null,
                "popularUpdateTime": null,
                "topUpdateTime": null,
                "infoUpdateTime": "2024-11-10 15:43:32",
                "applyUpdateTime": null,
                "adoptUpdateTime": null,
                "refreshTime": "2025-01-31 17:24:55",
                "createTime": "2024-11-10 15:43:32",
                "updateTime": "2025-01-31 17:24:54",
                "isAdopt": 1,
                "isAdoptCloud": 0,
                "isIdCard": 1,
                "rollBackAgreement": null,
                "remark": "狗狗大小便习惯由主人学习训练早晚外出遛狗至少半小时的好习惯，需要不介意狗狗在被训练好之前在家里无可避免可能有大小便的情况，狗狗听到室外有动静会吠叫是狗狗机警的天性，如介意请慎重考虑是否适合养宠。",
                "shelfActionId": null,
                "isHalfway": 0
            },
            {
                "petId": 147643,
                "oldPetId": null,
                "petName": "多多",
                "petCode": "D2307030004",
                "petType": "dog",
                "petTypeRemark": null,
                "petTypeBreed": "",
                "uuid": 1187547,
                "historyUuids": null,
                "rejectAdoptUuids": null,
                "employeeUuid": 1010078,
                "avatar": "https://img.hellothepaw.net/adopt/aliyun_1688350617749333.png",
                "sex": 1,
                "weight": "13.00",
                "weightType": "大型",
                "ageType": "成年",
                "ageMonth": "30",
                "hairType": "卷毛",
                "hairLength": "中毛",
                "isHealth": 1,
                "healthDescription": "",
                "adoptNeedAddress": "广东省,广州市,无;广东省,佛山市,无",
                "isVaccine": 1,
                "isDeworm": 1,
                "isNeuter": 1,
                "isShared": 0,
                "isTop": 0,
                "topNumber": 0,
                "latitude": "23.0986",
                "longitude": "113.235672",
                "address": "广东省广州市荔湾区地铁1号线,地铁11号线内环,地铁11号线外环,地铁22号线后通段,地铁22号线北延段",
                "addressName": "芳村[地铁站]",
                "city": "广州市",
                "province": "广东省",
                "imgs": "https://img.hellothepaw.net/adopt/aliyun_1688350617749333.png,https://img.hellothepaw.net/adopt/aliyun_1688350618433656.png,https://img.hellothepaw.net/adopt/aliyun_1696327851734318.png",
                "petDescription": "路边遇到的流浪狗，当时毛发打结，拖把狗，但很亲人，希望能给它找一个家",
                "adoptConditions": "经济独立，稳定住所，不接受学生领养；\n办狗证，科学喂养，不喂廉价毒狗粮和剩饭菜；\n定期驱虫疫苗，有病积极医治；\n接受家访和回访；\n签协议，留身份证复印件",
                "adoptStatus": "待领养",
                "sourceType": "nice_help",
                "sourceRemark": "路边遇到的流浪狗，当时毛发打结，拖把狗，但很亲人，希望能给它找一个家",
                "characterDescription": "亲人活泼",
                "applyStatus": "pass",
                "rejectReason": "",
                "isDelete": 0,
                "showScopes": null,
                "popularUpdateTime": null,
                "topUpdateTime": null,
                "infoUpdateTime": "2023-10-03 18:10:59",
                "applyUpdateTime": null,
                "adoptUpdateTime": "2024-03-28 15:15:49",
                "refreshTime": "2025-01-30 14:33:29",
                "createTime": "2023-07-03 10:20:25",
                "updateTime": "2025-01-30 14:33:28",
                "isAdopt": 1,
                "isAdoptCloud": 0,
                "isIdCard": 1,
                "rollBackAgreement": null,
                "remark": "",
                "shelfActionId": null,
                "isHalfway": 0
            },
            {
                "petId": 147641,
                "oldPetId": null,
                "petName": "德仔",
                "petCode": "D2307030002",
                "petType": "dog",
                "petTypeRemark": null,
                "petTypeBreed": "",
                "uuid": 1187547,
                "historyUuids": null,
                "rejectAdoptUuids": null,
                "employeeUuid": 1010078,
                "avatar": "https://img.hellothepaw.net/adopt/aliyun_1688345025794682.png",
                "sex": 1,
                "weight": "9.00",
                "weightType": "小型",
                "ageType": "成年",
                "ageMonth": "24",
                "hairType": "针毛",
                "hairLength": "中毛",
                "isHealth": 1,
                "healthDescription": "",
                "adoptNeedAddress": "广东省,广州市,无;广东省,佛山市,无",
                "isVaccine": 1,
                "isDeworm": 1,
                "isNeuter": 1,
                "isShared": 0,
                "isTop": 0,
                "topNumber": 0,
                "latitude": "23.0986",
                "longitude": "113.235672",
                "address": "广东省广州市荔湾区地铁1号线,地铁11号线内环,地铁11号线外环,地铁22号线后通段,地铁22号线北延段",
                "addressName": "芳村[地铁站]",
                "city": "广州市",
                "province": "广东省",
                "imgs": "https://img.hellothepaw.net/adopt/aliyun_1688345025794682.png,https://img.hellothepaw.net/adopt/aliyun_1688345026700987.png,https://img.hellothepaw.net/adopt/aliyun_1688345027494681.png",
                "petDescription": "宠物店老板跑路，狗狗被关在店里，当时有皮肤病，皮肤病已经好了，德仔很亲人，希望能给它找一个家",
                "adoptConditions": "经济独立，稳定住所，不接受学生领养；\n办狗证，科学喂养，不喂廉价毒狗粮和剩饭菜；\n定期驱虫疫苗，有病积极医治；\n接受家访和回访；\n签协议，留身份证复印件",
                "adoptStatus": "待领养",
                "sourceType": "nice_help",
                "sourceRemark": "宠物店老板跑路，狗狗被关在店里，当时有皮肤病，皮肤病已经好了，德仔很亲人，希望能给它找一个家",
                "characterDescription": "亲人活泼",
                "applyStatus": "pass",
                "rejectReason": "",
                "isDelete": 0,
                "showScopes": null,
                "popularUpdateTime": null,
                "topUpdateTime": null,
                "infoUpdateTime": "2023-07-03 08:48:39",
                "applyUpdateTime": null,
                "adoptUpdateTime": null,
                "refreshTime": "2025-01-29 23:09:16",
                "createTime": "2023-07-03 08:48:39",
                "updateTime": "2025-01-29 23:09:16",
                "isAdopt": 1,
                "isAdoptCloud": 0,
                "isIdCard": 1,
                "rollBackAgreement": null,
                "remark": "",
                "shelfActionId": null,
                "isHalfway": 0
            },
            {
                "petId": 148022,
                "oldPetId": null,
                "petName": "阿B",
                "petCode": "C2310090005",
                "petType": "cat",
                "petTypeRemark": null,
                "petTypeBreed": "",
                "uuid": 1187547,
                "historyUuids": null,
                "rejectAdoptUuids": null,
                "employeeUuid": 1010078,
                "avatar": "https://img.hellothepaw.net/adopt/aliyun_1696864826741209.png",
                "sex": 1,
                "weight": "3.00",
                "weightType": "小型",
                "ageType": "成年",
                "ageMonth": "24",
                "hairType": "针毛",
                "hairLength": "短毛",
                "isHealth": 1,
                "healthDescription": "",
                "adoptNeedAddress": "广东省,广州市,无;广东省,佛山市,无",
                "isVaccine": 1,
                "isDeworm": 1,
                "isNeuter": 1,
                "isShared": 0,
                "isTop": 0,
                "topNumber": 0,
                "latitude": "23.0986",
                "longitude": "113.235672",
                "address": "广东省广州市荔湾区地铁1号线,地铁11号线内环,地铁11号线外环,地铁22号线后通段,地铁22号线北延段",
                "addressName": "芳村[地铁站]",
                "city": "广州市",
                "province": "广东省",
                "imgs": "https://img.hellothepaw.net/adopt/aliyun_1696864826741209.png,https://img.hellothepaw.net/adopt/aliyun_1696864828345516.png,https://img.hellothepaw.net/adopt/aliyun_1696864831272215.png,https://img.hellothepaw.net/adopt/aliyun_1696864833199780.png,https://img.hellothepaw.net/adopt/aliyun_1696864834706168.png,https://img.hellothepaw.net/adopt/aliyun_1696864836505211.png,https://img.hellothepaw.net/adopt/aliyun_1696864838629260.png,https://img.hellothepaw.net/adopt/aliyun_169686484060572.png",
                "petDescription": "连续几天在路边看到阿b，到处翻垃圾桶、捉老鼠吃给了猫粮后阿b不停追着我的车跑，当时很瘦，纸片一样，现在已调养好，可以和其他猫咪相处的很好。",
                "adoptConditions": "经济独立，稳定住所，不接受学生领养；\n封窗，科学喂养，不喂廉价毒猫粮和剩饭菜；\n定期驱虫疫苗，有病积极医治；\n接受家访和回访；\n签协议，留身份证复印件",
                "adoptStatus": "待领养",
                "sourceType": "nice_help",
                "sourceRemark": "连续几天在路边看到阿b，到处翻垃圾桶、捉老鼠吃给了猫粮后阿b不停追着我的车跑，当时很瘦，纸片一样，现在已调养好，可以和其他猫咪相处的很好。",
                "characterDescription": "活泼粘人",
                "applyStatus": "pass",
                "rejectReason": "",
                "isDelete": 0,
                "showScopes": null,
                "popularUpdateTime": null,
                "topUpdateTime": null,
                "infoUpdateTime": "2023-10-09 23:24:46",
                "applyUpdateTime": null,
                "adoptUpdateTime": null,
                "refreshTime": "2025-01-29 23:08:54",
                "createTime": "2023-10-09 23:24:46",
                "updateTime": "2025-01-29 23:08:53",
                "isAdopt": 1,
                "isAdoptCloud": 0,
                "isIdCard": 1,
                "rollBackAgreement": null,
                "remark": "",
                "shelfActionId": null,
                "isHalfway": 0
            },
            {
                "petId": 148215,
                "oldPetId": null,
                "petName": "凯特",
                "petCode": "D2311270005",
                "petType": "dog",
                "petTypeRemark": null,
                "petTypeBreed": "",
                "uuid": 1187547,
                "historyUuids": null,
                "rejectAdoptUuids": null,
                "employeeUuid": 1010078,
                "avatar": "https://img.hellothepaw.net/adopt/aliyun_1701058974472128.png",
                "sex": 1,
                "weight": "10.00",
                "weightType": "小型",
                "ageType": "成年",
                "ageMonth": "24",
                "hairType": "针毛",
                "hairLength": "短毛",
                "isHealth": 1,
                "healthDescription": "",
                "adoptNeedAddress": "广东省,广州市,无;广东省,佛山市,无",
                "isVaccine": 1,
                "isDeworm": 1,
                "isNeuter": 1,
                "isShared": 0,
                "isTop": 0,
                "topNumber": 0,
                "latitude": "22.935505",
                "longitude": "113.385635",
                "address": "广东省广州市番禺区地铁3号线,地铁18号线,地铁22号线,地铁3号线东延段",
                "addressName": "番禺广场[地铁站]",
                "city": "广州市",
                "province": "广东省",
                "imgs": "https://img.hellothepaw.net/adopt/aliyun_1701058974472128.png,https://img.hellothepaw.net/adopt/aliyun_1701058980413358.png,https://img.hellothepaw.net/adopt/aliyun_1701058983529488.png,https://img.hellothepaw.net/adopt/aliyun_1701058986758718.png,https://img.hellothepaw.net/adopt/aliyun_170105898998241.png,https://img.hellothepaw.net/adopt/aliyun_1701058993667607.png",
                "petDescription": "凯特是在被遗弃的，在超市门口流浪了几个月",
                "adoptConditions": "经济独立，稳定住所，不接受学生领养；\n办狗证，科学喂养，不喂廉价毒狗粮和剩饭菜；\n定期驱虫疫苗，有病积极医治；\n接受家访和回访；\n签协议，留身份证复印件",
                "adoptStatus": "待领养",
                "sourceType": "nice_help",
                "sourceRemark": "超市门口流浪很久了",
                "characterDescription": "活泼，亲人",
                "applyStatus": "pass",
                "rejectReason": "",
                "isDelete": 0,
                "showScopes": null,
                "popularUpdateTime": null,
                "topUpdateTime": null,
                "infoUpdateTime": "2023-11-27 12:29:58",
                "applyUpdateTime": null,
                "adoptUpdateTime": null,
                "refreshTime": "2025-01-29 23:08:44",
                "createTime": "2023-11-27 12:29:58",
                "updateTime": "2025-01-29 23:08:43",
                "isAdopt": 1,
                "isAdoptCloud": 0,
                "isIdCard": 1,
                "rollBackAgreement": null,
                "remark": "",
                "shelfActionId": null,
                "isHalfway": 0
            },
            {
                "petId": 149126,
                "oldPetId": null,
                "petName": "泰妹",
                "petCode": "D2409200001",
                "petType": "dog",
                "petTypeRemark": null,
                "petTypeBreed": "",
                "uuid": 1107997,
                "historyUuids": null,
                "rejectAdoptUuids": null,
                "employeeUuid": 1010078,
                "avatar": "https://img.hellothepaw.net/adopt/aliyun_1727535749718348.png",
                "sex": 2,
                "weight": "4.20",
                "weightType": "小型",
                "ageType": "成年",
                "ageMonth": "36",
                "hairType": "针毛",
                "hairLength": "中毛",
                "isHealth": 1,
                "healthDescription": "",
                "adoptNeedAddress": "广东省,广州市,无;广东省,深圳市,无;广东省,佛山市,无",
                "isVaccine": 1,
                "isDeworm": 1,
                "isNeuter": 1,
                "isShared": 0,
                "isTop": 0,
                "topNumber": 0,
                "latitude": "23.090329",
                "longitude": "113.27059",
                "address": "广东省广州市海珠区江南西路汇源大街24号(近宝岗大道)",
                "addressName": "广州市海珠区汇源大街小学",
                "city": "广州市",
                "province": "广东省",
                "imgs": "https://img.hellothepaw.net/adopt/aliyun_1727535749718348.png,https://img.hellothepaw.net/adopt/aliyun_1727537978148986.png,https://img.hellothepaw.net/adopt/aliyun_1727538021330675.png,https://img.hellothepaw.net/adopt/aliyun_172753804732832.png,https://img.hellothepaw.net/adopt/aliyun_1727538072826511.png,https://img.hellothepaw.net/adopt/aliyun_1727538079542889.png,https://img.hellothepaw.net/adopt/aliyun_1733047825415135.png,https://img.hellothepaw.net/adopt/aliyun_1733047826878310.png",
                "petDescription": "性格很好，很粘人，很精明，胆小会龇牙警告，很会看主人脸色，唯一缺点就是会龇牙警告，习惯在外大小便，也会在家里尿垫定点，比较适合有养狗经验的主人",
                "adoptConditions": "不接受合租\n需要家人一致同意\n有独立经济能力\n科学喂养，不笼养\n不放养，需要牵绳每天遛一次\n每年疫苗\n接受家访和回访\n",
                "adoptStatus": "待领养",
                "sourceType": "nice_help",
                "sourceRemark": "2024.9.9在江南西附近救助的一只流浪狗，很瘦，胆小，没有觅食能力",
                "characterDescription": "温顺，很乖，慢热",
                "applyStatus": "pass",
                "rejectReason": "",
                "isDelete": 0,
                "showScopes": null,
                "popularUpdateTime": null,
                "topUpdateTime": null,
                "infoUpdateTime": "2024-12-01 18:11:05",
                "applyUpdateTime": null,
                "adoptUpdateTime": null,
                "refreshTime": "2025-01-28 10:21:48",
                "createTime": "2024-09-20 00:00:18",
                "updateTime": "2025-01-28 10:21:48",
                "isAdopt": 1,
                "isAdoptCloud": 0,
                "isIdCard": 1,
                "rollBackAgreement": null,
                "remark": "",
                "shelfActionId": null,
                "isHalfway": 0
            },
            {
                "petId": 149327,
                "oldPetId": null,
                "petName": "弟弟",
                "petCode": "C2501270001",
                "petType": "cat",
                "petTypeRemark": null,
                "petTypeBreed": "",
                "uuid": 1339148,
                "historyUuids": null,
                "rejectAdoptUuids": null,
                "employeeUuid": 1010038,
                "avatar": "https://img.hellothepaw.net/adopt/aliyun_1737960924406953.png",
                "sex": 1,
                "weight": "2.50",
                "weightType": "小型",
                "ageType": "幼年",
                "ageMonth": "7",
                "hairType": "针毛",
                "hairLength": "中毛",
                "isHealth": 1,
                "healthDescription": "",
                "adoptNeedAddress": "广东省,广州市,海珠区",
                "isVaccine": 0,
                "isDeworm": 1,
                "isNeuter": 0,
                "isShared": 1,
                "isTop": 0,
                "topNumber": 0,
                "latitude": "23.097187",
                "longitude": "113.276955",
                "address": "广东省广州市海珠区",
                "addressName": "江南东路",
                "city": "广州市",
                "province": "广东省",
                "imgs": "https://img.hellothepaw.net/adopt/aliyun_1737960924406953.png,https://img.hellothepaw.net/adopt/aliyun_1737960928398840.png,https://img.hellothepaw.net/adopt/aliyun_1737960932894960.png,https://img.hellothepaw.net/adopt/aliyun_1737961053003247.png",
                "petDescription": "初遇时在只有两三个月大应该是附近的流浪猫生的非常胆小……投喂了两个月后放松警惕非常温柔小粘人可撸可抱不会哈气性格好跳跃时平时会小声哼哼唧唧非常可爱",
                "adoptConditions": "有基本经济能力者室内封窗会科学养猫有病就治不要遗弃！非独居领养人请获得一致同意，新婚夫妇或同居情侣谨慎考虑。可接受多猫家庭",
                "adoptStatus": "待领养",
                "sourceType": "person_send",
                "sourceRemark": "助养的小流浪",
                "characterDescription": "温柔撒娇粘人会踩奶",
                "applyStatus": "pass",
                "rejectReason": "",
                "isDelete": 0,
                "showScopes": null,
                "popularUpdateTime": null,
                "topUpdateTime": null,
                "infoUpdateTime": "2025-01-27 15:30:37",
                "applyUpdateTime": null,
                "adoptUpdateTime": null,
                "refreshTime": "2025-01-27 15:30:37",
                "createTime": "2025-01-27 15:18:28",
                "updateTime": "2025-01-28 16:19:00",
                "isAdopt": 1,
                "isAdoptCloud": 0,
                "isIdCard": 0,
                "rollBackAgreement": null,
                "remark": "暂无发现有任何健康问题",
                "shelfActionId": null,
                "isHalfway": 0
            }
        ],
        "total": 732,
        "size": 10,
        "current": 5,
        "orders": [],
        "optimizeCountSql": true,
        "searchCount": true,
        "countId": null,
        "maxLimit": null,
        "pages": 74
    },
    "ok": true,
    "succeed": true
}