{
    "code": 200,
    "bcode": "00000",
    "msg": "请求成功",
    "data": {
        "records": [
            {
                "petId": 148662,
                "oldPetId": null,
                "petName": "阿富",
                "petCode": "D2405020005",
                "petType": "dog",
                "petTypeRemark": null,
                "petTypeBreed": "",
                "uuid": 1138921,
                "historyUuids": null,
                "rejectAdoptUuids": null,
                "employeeUuid": 1010078,
                "avatar": "https://img.hellothepaw.net/adopt/aliyun_1714656031850781.png",
                "sex": 1,
                "weight": "20.00",
                "weightType": "大型",
                "ageType": "成年",
                "ageMonth": "12",
                "hairType": "针毛",
                "hairLength": "长毛",
                "isHealth": 1,
                "healthDescription": "",
                "adoptNeedAddress": "广东省,广州市,无;广东省,深圳市,无;广东省,东莞市,无",
                "isVaccine": 1,
                "isDeworm": 1,
                "isNeuter": 1,
                "isShared": 0,
                "isTop": 0,
                "topNumber": 0,
                "latitude": "23.276031",
                "longitude": "113.81533",
                "address": "广东省广州市增城区增城大道69号",
                "addressName": "广州增城万达广场",
                "city": "广州市",
                "province": "广东省",
                "imgs": "https://img.hellothepaw.net/adopt/aliyun_1714656031850781.png,https://img.hellothepaw.net/adopt/aliyun_1714656054419149.png,https://img.hellothepaw.net/adopt/aliyun_1714656055905425.png,https://img.hellothepaw.net/adopt/aliyun_1714656277517863.png,https://img.hellothepaw.net/adopt/aliyun_171465627901488.png",
                "petDescription": "土松狗狗是超级温暖听话的，谁又挡得住这憨憨的小眼神呢？狗狗在基地里虽然过得潦草了些，但真正打理好了颜值可是很能打的哦！真正懂的欣赏的人快快出现吧！\uD83D\uDE4F\uD83C\uDFFB\uD83D\uDE4F\uD83C\uDFFB\uD83D\uDE4F\uD83C\uDFFB",
                "adoptConditions": "家庭养宠，不接受工厂农场等看门工作；\n家庭全体成员一致喜欢狗狗进入家庭；\n有养大型犬经验者为佳；\n经济独立，稳定住所，不接受学生领养；\n办狗证，科学喂养，不喂廉价毒狗粮和剩饭菜；\n定期驱虫疫苗，适龄绝育，有病积极医治；\n接受家访和回访",
                "adoptStatus": "待领养",
                "sourceType": "nice_help",
                "sourceRemark": "狗狗在佛山某废弃工厂被救",
                "characterDescription": "聪明伶俐，听话乖巧",
                "applyStatus": "pass",
                "rejectReason": "",
                "isDelete": 0,
                "showScopes": null,
                "popularUpdateTime": null,
                "topUpdateTime": null,
                "infoUpdateTime": "2024-05-02 21:30:02",
                "applyUpdateTime": null,
                "adoptUpdateTime": null,
                "refreshTime": "2025-01-27 14:36:29",
                "createTime": "2024-05-02 21:30:02",
                "updateTime": "2025-01-27 14:36:29",
                "isAdopt": 1,
                "isAdoptCloud": 0,
                "isIdCard": 1,
                "rollBackAgreement": null,
                "remark": "",
                "shelfActionId": null,
                "isHalfway": 0
            },
            {
                "petId": 148890,
                "oldPetId": null,
                "petName": "阿丁",
                "petCode": "D2407070002",
                "petType": "dog",
                "petTypeRemark": null,
                "petTypeBreed": "",
                "uuid": 1138921,
                "historyUuids": null,
                "rejectAdoptUuids": null,
                "employeeUuid": 1010078,
                "avatar": "https://img.hellothepaw.net/adopt/aliyun_1720323301165827.png",
                "sex": 2,
                "weight": "12.00",
                "weightType": "大型",
                "ageType": "成年",
                "ageMonth": "24",
                "hairType": "针毛",
                "hairLength": "短毛",
                "isHealth": 1,
                "healthDescription": "",
                "adoptNeedAddress": "广东省,广州市,无;广东省,深圳市,无;广东省,东莞市,无;广东省,佛山市,无",
                "isVaccine": 1,
                "isDeworm": 1,
                "isNeuter": 1,
                "isShared": 0,
                "isTop": 0,
                "topNumber": 0,
                "latitude": "23.278034",
                "longitude": "113.81441",
                "address": "广东省广州市增城区地铁21号线",
                "addressName": "增城广场[地铁站]",
                "city": "广州市",
                "province": "广东省",
                "imgs": "https://img.hellothepaw.net/adopt/aliyun_1720323301165827.png,https://img.hellothepaw.net/adopt/aliyun_1720323305021244.png,https://img.hellothepaw.net/adopt/aliyun_1720323309429847.png,https://img.hellothepaw.net/adopt/aliyun_1720323328695595.png",
                "petDescription": "狗狗性格稳定，内敛安静，但亲人，是很好的伴侣动物，小型犬，很适合在城市家养。\n狗狗目前在基地，已经完成基本检查和驱虫疫苗，也绝育，随时可以跟铲屎官回家\uD83D\uDE01在基地条件相对艰苦，毛发比较枯燥，掩盖了她真实的颜值，进入家庭后稍加打理，有爱加持，狗狗会华丽蜕变的！",
                "adoptConditions": "家庭养宠，不接受工厂农场等看门工作；\n家庭全体成员一致喜欢狗狗进入家庭；\n经济独立，稳定住所，不接受学生领养；\n办狗证，科学喂养，不喂廉价毒狗粮和剩饭菜；\n定期驱虫疫苗，适龄绝育，有病积极医治；\n接受家访和回访",
                "adoptStatus": "待领养",
                "sourceType": "nice_help",
                "sourceRemark": "流连于物流园区，救助人担心那里车多危险，把她救了找领养",
                "characterDescription": "内敛安静，亲人",
                "applyStatus": "pass",
                "rejectReason": "",
                "isDelete": 0,
                "showScopes": null,
                "popularUpdateTime": null,
                "topUpdateTime": null,
                "infoUpdateTime": "2024-07-07 11:35:36",
                "applyUpdateTime": null,
                "adoptUpdateTime": null,
                "refreshTime": "2025-01-27 14:36:01",
                "createTime": "2024-07-07 11:25:09",
                "updateTime": "2025-01-27 14:36:00",
                "isAdopt": 1,
                "isAdoptCloud": 0,
                "isIdCard": 1,
                "rollBackAgreement": null,
                "remark": "",
                "shelfActionId": null,
                "isHalfway": 0
            },
            {
                "petId": 148996,
                "oldPetId": null,
                "petName": "白菜",
                "petCode": "D2408020003",
                "petType": "dog",
                "petTypeRemark": null,
                "petTypeBreed": "",
                "uuid": 1138921,
                "historyUuids": null,
                "rejectAdoptUuids": null,
                "employeeUuid": 1010078,
                "avatar": "https://img.hellothepaw.net/adopt/aliyun_1722584004161829.png",
                "sex": 2,
                "weight": "10.00",
                "weightType": "小型",
                "ageType": "成年",
                "ageMonth": "24",
                "hairType": "针毛",
                "hairLength": "短毛",
                "isHealth": 1,
                "healthDescription": "",
                "adoptNeedAddress": "广东省,广州市,无;广东省,佛山市,无;广东省,东莞市,无",
                "isVaccine": 1,
                "isDeworm": 1,
                "isNeuter": 1,
                "isShared": 0,
                "isTop": 0,
                "topNumber": 0,
                "latitude": "23.279564",
                "longitude": "113.81749",
                "address": "广东省广州市增城区荔乡路",
                "addressName": "增城广场",
                "city": "广州市",
                "province": "广东省",
                "imgs": "https://img.hellothepaw.net/adopt/aliyun_1722584004161829.png,https://img.hellothepaw.net/adopt/aliyun_172258404181921.png,https://img.hellothepaw.net/adopt/aliyun_1722584043597917.png,https://img.hellothepaw.net/adopt/aliyun_1722584045421827.png,https://img.hellothepaw.net/adopt/aliyun_1722584047262471.png",
                "petDescription": "白菜在菜市场差点当狗肉被卖了，幸好义工经过把她救了。已经做好绝育，寄养在基地里，生活安稳。白菜长相漂亮，性格很好，和人和狗都相处的融洽，非常适合家养！",
                "adoptConditions": "家庭养宠，不接受工厂农场等看门工作；\n家庭全体成员一致喜欢狗狗进入家庭；\n经济独立，稳定住所，不接受学生领养；\n办狗证，科学喂养，不喂廉价毒狗粮和剩饭菜；\n定期驱虫疫苗，适龄绝育，有病积极医治；\n接受家访和回访",
                "adoptStatus": "待领养",
                "sourceType": "nice_help",
                "sourceRemark": "狗狗在菜市场差点当狗肉被卖掉，幸得义工经过不忍心，把她救了",
                "characterDescription": "活泼，亲人，聪明",
                "applyStatus": "pass",
                "rejectReason": "",
                "isDelete": 0,
                "showScopes": null,
                "popularUpdateTime": null,
                "topUpdateTime": null,
                "infoUpdateTime": "2024-08-02 15:40:07",
                "applyUpdateTime": null,
                "adoptUpdateTime": null,
                "refreshTime": "2025-01-27 14:35:18",
                "createTime": "2024-08-02 15:40:07",
                "updateTime": "2025-01-27 14:35:18",
                "isAdopt": 1,
                "isAdoptCloud": 0,
                "isIdCard": 1,
                "rollBackAgreement": null,
                "remark": "",
                "shelfActionId": null,
                "isHalfway": 0
            },
            {
                "petId": 148997,
                "oldPetId": null,
                "petName": "菜牙",
                "petCode": "D2408020004",
                "petType": "dog",
                "petTypeRemark": null,
                "petTypeBreed": "",
                "uuid": 1138921,
                "historyUuids": null,
                "rejectAdoptUuids": null,
                "employeeUuid": 1010078,
                "avatar": "https://img.hellothepaw.net/adopt/aliyun_1722585377939541.png",
                "sex": 2,
                "weight": "8.00",
                "weightType": "小型",
                "ageType": "成年",
                "ageMonth": "12",
                "hairType": "针毛",
                "hairLength": "中毛",
                "isHealth": 1,
                "healthDescription": "",
                "adoptNeedAddress": "广东省,广州市,无;广东省,佛山市,无;广东省,东莞市,无",
                "isVaccine": 1,
                "isDeworm": 1,
                "isNeuter": 1,
                "isShared": 0,
                "isTop": 0,
                "topNumber": 0,
                "latitude": "23.279564",
                "longitude": "113.81749",
                "address": "广东省广州市增城区荔乡路",
                "addressName": "增城广场",
                "city": "广州市",
                "province": "广东省",
                "imgs": "https://img.hellothepaw.net/adopt/aliyun_1722585377939541.png,https://img.hellothepaw.net/adopt/aliyun_1722585424774350.png,https://img.hellothepaw.net/adopt/aliyun_1722585447290384.png,https://img.hellothepaw.net/adopt/aliyun_1722585457547795.png,https://img.hellothepaw.net/adopt/aliyun_1722585471641923.png",
                "petDescription": "菜牙在菜市场差点当狗肉被卖了，幸好义工经过把她救了。已经做好绝育，寄养在基地里，生活安稳。菜牙长相漂亮，性格很好，和人和狗都相处的融洽，非常适合家养！",
                "adoptConditions": "家庭养宠，不接受工厂农场等看门工作；\n家庭全体成员一致喜欢狗狗进入家庭；\n经济独立，稳定住所，不接受学生领养；\n办狗证，科学喂养，不喂廉价毒狗粮和剩饭菜；\n定期驱虫疫苗，适龄绝育，有病积极医治；\n接受家访和回访",
                "adoptStatus": "待领养",
                "sourceType": "nice_help",
                "sourceRemark": "狗狗在菜市场差点当狗肉被卖掉，幸得义工经过不忍心，把她救了",
                "characterDescription": "内敛，亲人，聪明",
                "applyStatus": "pass",
                "rejectReason": "",
                "isDelete": 0,
                "showScopes": null,
                "popularUpdateTime": null,
                "topUpdateTime": null,
                "infoUpdateTime": "2024-08-02 15:59:23",
                "applyUpdateTime": null,
                "adoptUpdateTime": null,
                "refreshTime": "2025-01-27 14:34:37",
                "createTime": "2024-08-02 15:59:23",
                "updateTime": "2025-01-27 14:34:36",
                "isAdopt": 1,
                "isAdoptCloud": 0,
                "isIdCard": 1,
                "rollBackAgreement": null,
                "remark": "",
                "shelfActionId": null,
                "isHalfway": 0
            },
            {
                "petId": 148998,
                "oldPetId": null,
                "petName": "阿福",
                "petCode": "D2408020005",
                "petType": "dog",
                "petTypeRemark": null,
                "petTypeBreed": "",
                "uuid": 1138921,
                "historyUuids": null,
                "rejectAdoptUuids": null,
                "employeeUuid": 1010078,
                "avatar": "https://img.hellothepaw.net/adopt/aliyun_1722598770021172.png",
                "sex": 1,
                "weight": "15.00",
                "weightType": "大型",
                "ageType": "成年",
                "ageMonth": "12",
                "hairType": "针毛",
                "hairLength": "短毛",
                "isHealth": 1,
                "healthDescription": "",
                "adoptNeedAddress": "广东省,广州市,无;广东省,佛山市,无;广东省,东莞市,无",
                "isVaccine": 1,
                "isDeworm": 1,
                "isNeuter": 1,
                "isShared": 0,
                "isTop": 0,
                "topNumber": 0,
                "latitude": "23.276031",
                "longitude": "113.81533",
                "address": "广东省广州市增城区增城大道69号",
                "addressName": "广州增城万达广场",
                "city": "广州市",
                "province": "广东省",
                "imgs": "https://img.hellothepaw.net/adopt/aliyun_1722598770021172.png,https://img.hellothepaw.net/adopt/aliyun_1722598778832260.png",
                "petDescription": "阿福被救后去医院检查过身体，健康，现在寄养在基地，和人和狗都能相处不错，合适家养！",
                "adoptConditions": "家庭养宠，不接受工厂农场等看门工作；\n家庭全体成员一致喜欢狗狗进入家庭；\n经济独立，稳定住所，不接受学生领养；\n办狗证，科学喂养，不喂廉价毒狗粮和剩饭菜；\n定期驱虫疫苗，适龄绝育，有病积极医治；\n接受家访和回访",
                "adoptStatus": "待领养",
                "sourceType": "nice_help",
                "sourceRemark": "狗狗是药厂实验室里淘汰出来的，义工怕狗狗被“处理”了，救助出来并为他们找家",
                "characterDescription": "亲人，聪明，贪吃",
                "applyStatus": "pass",
                "rejectReason": "",
                "isDelete": 0,
                "showScopes": null,
                "popularUpdateTime": null,
                "topUpdateTime": null,
                "infoUpdateTime": "2024-08-02 19:46:43",
                "applyUpdateTime": null,
                "adoptUpdateTime": null,
                "refreshTime": "2025-01-27 14:34:24",
                "createTime": "2024-08-02 19:46:43",
                "updateTime": "2025-01-27 14:34:23",
                "isAdopt": 1,
                "isAdoptCloud": 0,
                "isIdCard": 1,
                "rollBackAgreement": null,
                "remark": "",
                "shelfActionId": null,
                "isHalfway": 0
            },
            {
                "petId": 148999,
                "oldPetId": null,
                "petName": "阿乐",
                "petCode": "D2408020006",
                "petType": "dog",
                "petTypeRemark": null,
                "petTypeBreed": "",
                "uuid": 1138921,
                "historyUuids": null,
                "rejectAdoptUuids": null,
                "employeeUuid": 1010078,
                "avatar": "https://img.hellothepaw.net/adopt/aliyun_1722599227054683.png",
                "sex": 1,
                "weight": "15.00",
                "weightType": "大型",
                "ageType": "成年",
                "ageMonth": "12",
                "hairType": "针毛",
                "hairLength": "短毛",
                "isHealth": 1,
                "healthDescription": "",
                "adoptNeedAddress": "广东省,广州市,无;广东省,佛山市,无;广东省,东莞市,无",
                "isVaccine": 1,
                "isDeworm": 1,
                "isNeuter": 1,
                "isShared": 0,
                "isTop": 0,
                "topNumber": 0,
                "latitude": "23.276031",
                "longitude": "113.81533",
                "address": "广东省广州市增城区增城大道69号",
                "addressName": "广州增城万达广场",
                "city": "广州市",
                "province": "广东省",
                "imgs": "https://img.hellothepaw.net/adopt/aliyun_1722599227054683.png,https://img.hellothepaw.net/adopt/aliyun_1722599241768871.png,https://img.hellothepaw.net/adopt/aliyun_1722599259314432.png",
                "petDescription": "阿福被救后去医院检查过身体，健康，现在寄养在基地，和人和狗都能相处不错，合适家养！",
                "adoptConditions": "家庭养宠，不接受工厂农场等看门工作；\n家庭全体成员一致喜欢狗狗进入家庭；\n经济独立，稳定住所，不接受学生领养；\n办狗证，科学喂养，不喂廉价毒狗粮和剩饭菜；\n定期驱虫疫苗，适龄绝育，有病积极医治；\n接受家访和回访",
                "adoptStatus": "待领养",
                "sourceType": "nice_help",
                "sourceRemark": "狗狗是药厂实验室里淘汰出来的，义工怕狗狗被“处理”了，救助出来并为他们找家",
                "characterDescription": "亲人，聪明，贪吃",
                "applyStatus": "pass",
                "rejectReason": "",
                "isDelete": 0,
                "showScopes": null,
                "popularUpdateTime": null,
                "topUpdateTime": null,
                "infoUpdateTime": "2024-08-02 19:48:06",
                "applyUpdateTime": null,
                "adoptUpdateTime": null,
                "refreshTime": "2025-01-26 21:12:47",
                "createTime": "2024-08-02 19:48:06",
                "updateTime": "2025-01-26 21:12:46",
                "isAdopt": 1,
                "isAdoptCloud": 0,
                "isIdCard": 1,
                "rollBackAgreement": null,
                "remark": "",
                "shelfActionId": null,
                "isHalfway": 0
            },
            {
                "petId": 149000,
                "oldPetId": null,
                "petName": "芥兰",
                "petCode": "D2408020007",
                "petType": "dog",
                "petTypeRemark": null,
                "petTypeBreed": "",
                "uuid": 1138921,
                "historyUuids": null,
                "rejectAdoptUuids": null,
                "employeeUuid": 1010078,
                "avatar": "https://img.hellothepaw.net/adopt/aliyun_1722602113434199.png",
                "sex": 2,
                "weight": "7.00",
                "weightType": "小型",
                "ageType": "成年",
                "ageMonth": "12",
                "hairType": "针毛",
                "hairLength": "短毛",
                "isHealth": 1,
                "healthDescription": "",
                "adoptNeedAddress": "广东省,广州市,无;广东省,佛山市,无;广东省,东莞市,无",
                "isVaccine": 1,
                "isDeworm": 1,
                "isNeuter": 1,
                "isShared": 0,
                "isTop": 0,
                "topNumber": 0,
                "latitude": "23.276031",
                "longitude": "113.81533",
                "address": "广东省广州市增城区增城大道69号",
                "addressName": "广州增城万达广场",
                "city": "广州市",
                "province": "广东省",
                "imgs": "https://img.hellothepaw.net/adopt/aliyun_1722602113434199.png,https://img.hellothepaw.net/adopt/aliyun_1722602131517844.png,https://img.hellothepaw.net/adopt/aliyun_1722602134572964.png",
                "petDescription": "芥兰在菜市场差点当狗肉被卖了，幸好义工经过把她救了。已经做好绝育，寄养在基地里，生活安稳。芥兰长相漂亮，正宗铁包金，有点胆小，但养好了会很忠诚，非常适合家养！\n",
                "adoptConditions": "家庭养宠，不接受工厂农场等看门工作；\n家庭全体成员一致喜欢狗狗进入家庭；\n经济独立，稳定住所，不接受学生领养；\n办狗证，科学喂养，不喂廉价毒狗粮和剩饭菜；\n定期驱虫疫苗，适龄绝育，有病积极医治；\n接受家访和回访",
                "adoptStatus": "待领养",
                "sourceType": "nice_help",
                "sourceRemark": "狗狗在菜市场差点当狗肉被卖了，幸好义工经过把她救了。已经做好绝育，寄养在基地里，生活安稳。白菜长相漂亮，性格很好，和人和狗都相处的融洽，非常适合家养！\n",
                "characterDescription": "胆小",
                "applyStatus": "pass",
                "rejectReason": "",
                "isDelete": 0,
                "showScopes": null,
                "popularUpdateTime": null,
                "topUpdateTime": null,
                "infoUpdateTime": "2024-08-02 20:38:35",
                "applyUpdateTime": null,
                "adoptUpdateTime": null,
                "refreshTime": "2025-01-26 21:12:41",
                "createTime": "2024-08-02 20:38:35",
                "updateTime": "2025-01-26 21:12:40",
                "isAdopt": 1,
                "isAdoptCloud": 0,
                "isIdCard": 1,
                "rollBackAgreement": null,
                "remark": "",
                "shelfActionId": null,
                "isHalfway": 0
            },
            {
                "petId": 149120,
                "oldPetId": null,
                "petName": "小黑",
                "petCode": "D2409170002",
                "petType": "dog",
                "petTypeRemark": null,
                "petTypeBreed": "",
                "uuid": 1138921,
                "historyUuids": null,
                "rejectAdoptUuids": null,
                "employeeUuid": 1010038,
                "avatar": "https://img.hellothepaw.net/adopt/aliyun_1726559115205220.png",
                "sex": 2,
                "weight": "18.00",
                "weightType": "大型",
                "ageType": "成年",
                "ageMonth": "36",
                "hairType": "针毛",
                "hairLength": "短毛",
                "isHealth": 1,
                "healthDescription": "",
                "adoptNeedAddress": "广东省,广州市,无;广东省,佛山市,无",
                "isVaccine": 1,
                "isDeworm": 1,
                "isNeuter": 1,
                "isShared": 0,
                "isTop": 0,
                "topNumber": 0,
                "latitude": "23.276031",
                "longitude": "113.81533",
                "address": "广东省广州市增城区增城大道69号",
                "addressName": "广州增城万达广场",
                "city": "广州市",
                "province": "广东省",
                "imgs": "https://img.hellothepaw.net/adopt/aliyun_1726559115205220.png,https://img.hellothepaw.net/adopt/aliyun_172655915084735.png,https://img.hellothepaw.net/adopt/aliyun_1726559166236318.png",
                "petDescription": "小黑在一垃圾场出生，被好心邻居救助了安置在基地。她性格相当亲人，很守家护主，适合家养",
                "adoptConditions": "家庭养宠，不接受工厂农场等看门工作；\n家庭全体成员一致喜欢狗狗进入家庭；\n经济独立，稳定住所，不接受学生领养；\n办狗证，科学喂养，不喂廉价毒狗粮和剩饭菜；\n定期驱虫疫苗，适龄绝育，有病积极医治；\n接受家访和回访",
                "adoptStatus": "待领养",
                "sourceType": "nice_help",
                "sourceRemark": "小黑在一垃圾场出生，被好心邻居救助了安置在基地",
                "characterDescription": "亲人，憨厚，忠诚",
                "applyStatus": "pass",
                "rejectReason": "",
                "isDelete": 0,
                "showScopes": null,
                "popularUpdateTime": null,
                "topUpdateTime": null,
                "infoUpdateTime": "2024-09-17 15:54:22",
                "applyUpdateTime": null,
                "adoptUpdateTime": null,
                "refreshTime": "2025-01-26 21:12:35",
                "createTime": "2024-09-17 15:54:22",
                "updateTime": "2025-01-26 21:12:35",
                "isAdopt": 1,
                "isAdoptCloud": 0,
                "isIdCard": 1,
                "rollBackAgreement": null,
                "remark": "",
                "shelfActionId": null,
                "isHalfway": 0
            },
            {
                "petId": 149173,
                "oldPetId": null,
                "petName": "Milky",
                "petCode": "D2410150002",
                "petType": "dog",
                "petTypeRemark": null,
                "petTypeBreed": "",
                "uuid": 1138921,
                "historyUuids": null,
                "rejectAdoptUuids": null,
                "employeeUuid": 1010038,
                "avatar": "https://img.hellothepaw.net/adopt/aliyun_1728999893277905.png",
                "sex": 1,
                "weight": "10.00",
                "weightType": "小型",
                "ageType": "成年",
                "ageMonth": "12",
                "hairType": "针毛",
                "hairLength": "长毛",
                "isHealth": 1,
                "healthDescription": "",
                "adoptNeedAddress": "广东省,广州市,无;广东省,佛山市,无",
                "isVaccine": 1,
                "isDeworm": 1,
                "isNeuter": 1,
                "isShared": 0,
                "isTop": 0,
                "topNumber": 0,
                "latitude": "22.984838",
                "longitude": "113.32111",
                "address": "广东省广州市番禺区小资五街",
                "addressName": "番禺区钟村南国奥园(小资五街东)",
                "city": "广州市",
                "province": "广东省",
                "imgs": "https://img.hellothepaw.net/adopt/aliyun_1728999893277905.png",
                "petDescription": "小狗狗是救助人到上海出差时救的，专门接回来广州给他找家。他性格非常亲人活泼，很适合家养",
                "adoptConditions": "家庭养宠，不接受工厂农场等看门工作；\n家庭全体成员一致喜欢狗狗进入家庭；\n经济独立，稳定住所，不接受学生领养；\n办狗证，科学喂养，不喂廉价毒狗粮和剩饭菜；\n定期驱虫疫苗，适龄绝育，有病积极医治；\n接受家访和回访",
                "adoptStatus": "待领养",
                "sourceType": "nice_help",
                "sourceRemark": "狗狗是救助人到上海出差时救的，专门接回来广州给他找家",
                "characterDescription": "亲人，憨厚，忠诚",
                "applyStatus": "pass",
                "rejectReason": "",
                "isDelete": 0,
                "showScopes": null,
                "popularUpdateTime": null,
                "topUpdateTime": null,
                "infoUpdateTime": "2024-10-15 21:48:29",
                "applyUpdateTime": null,
                "adoptUpdateTime": null,
                "refreshTime": "2025-01-26 21:12:29",
                "createTime": "2024-10-15 21:48:29",
                "updateTime": "2025-01-26 21:12:29",
                "isAdopt": 1,
                "isAdoptCloud": 0,
                "isIdCard": 1,
                "rollBackAgreement": null,
                "remark": "",
                "shelfActionId": null,
                "isHalfway": 0
            },
            {
                "petId": 149242,
                "oldPetId": null,
                "petName": "Teemo",
                "petCode": "D2411190001",
                "petType": "dog",
                "petTypeRemark": null,
                "petTypeBreed": "",
                "uuid": 1138921,
                "historyUuids": null,
                "rejectAdoptUuids": null,
                "employeeUuid": 1010038,
                "avatar": "https://img.hellothepaw.net/adopt/aliyun_1732019665820881.png",
                "sex": 2,
                "weight": "10.00",
                "weightType": "小型",
                "ageType": "幼年",
                "ageMonth": "9",
                "hairType": "针毛",
                "hairLength": "短毛",
                "isHealth": 1,
                "healthDescription": "",
                "adoptNeedAddress": "广东省,广州市,无;广东省,佛山市,无",
                "isVaccine": 1,
                "isDeworm": 1,
                "isNeuter": 0,
                "isShared": 0,
                "isTop": 0,
                "topNumber": 0,
                "latitude": "22.984838",
                "longitude": "113.32111",
                "address": "广东省广州市番禺区小资五街",
                "addressName": "番禺区钟村南国奥园(小资五街东)",
                "city": "广州市",
                "province": "广东省",
                "imgs": "https://img.hellothepaw.net/adopt/aliyun_1732019665820881.png,https://img.hellothepaw.net/adopt/aliyun_1732019677759765.png,https://img.hellothepaw.net/adopt/aliyun_1732019686085693.png,https://img.hellothepaw.net/adopt/aliyun_1732019693705647.png,https://img.hellothepaw.net/adopt/aliyun_1732019699056161.png",
                "petDescription": "狗狗发情跑进小区里，因为经常在车来车往的道上走，好心邻居担心她危险，把她先救了找领养。小狗长相非常清秀，有点像游戏里的小狐狸角色，所以取同名Teemo。狗狗性格比较胆小，谨慎，特别安静，有分寸感，不会特别粘人，但又保持好奇心，是个内敛的孩子",
                "adoptConditions": "家庭养宠，不接受工厂农场等看门工作；\n家庭全体成员一致喜欢狗狗进入家庭；\n经济独立，稳定住所，不接受学生领养；\n办狗证，科学喂养，不喂廉价毒狗粮和剩饭菜；\n定期驱虫疫苗，适龄绝育，有病积极医治；\n接受家访和回访",
                "adoptStatus": "待领养",
                "sourceType": "nice_help",
                "sourceRemark": "流浪狗狗",
                "characterDescription": "胆小谨慎",
                "applyStatus": "pass",
                "rejectReason": "",
                "isDelete": 0,
                "showScopes": null,
                "popularUpdateTime": null,
                "topUpdateTime": null,
                "infoUpdateTime": "2024-11-19 20:47:01",
                "applyUpdateTime": null,
                "adoptUpdateTime": null,
                "refreshTime": "2025-01-26 21:12:17",
                "createTime": "2024-11-19 20:47:02",
                "updateTime": "2025-01-26 21:12:17",
                "isAdopt": 1,
                "isAdoptCloud": 0,
                "isIdCard": 1,
                "rollBackAgreement": null,
                "remark": "",
                "shelfActionId": null,
                "isHalfway": 0
            }
        ],
        "total": 732,
        "size": 10,
        "current": 6,
        "orders": [],
        "optimizeCountSql": true,
        "searchCount": true,
        "countId": null,
        "maxLimit": null,
        "pages": 74
    },
    "ok": true,
    "succeed": true
}