{
    "code": 200,
    "bcode": "00000",
    "msg": "请求成功",
    "data": {
        "records": [
            {
                "petId": 149243,
                "oldPetId": null,
                "petName": "辛巴",
                "petCode": "D2411190002",
                "petType": "dog",
                "petTypeRemark": null,
                "petTypeBreed": "",
                "uuid": 1138921,
                "historyUuids": null,
                "rejectAdoptUuids": null,
                "employeeUuid": 1010038,
                "avatar": "https://img.hellothepaw.net/adopt/aliyun_1732024856022796.png",
                "sex": 1,
                "weight": "15.00",
                "weightType": "大型",
                "ageType": "成年",
                "ageMonth": "24",
                "hairType": "针毛",
                "hairLength": "中毛",
                "isHealth": 1,
                "healthDescription": "",
                "adoptNeedAddress": "广东省,广州市,无;广东省,佛山市,无",
                "isVaccine": 1,
                "isDeworm": 1,
                "isNeuter": 1,
                "isShared": 0,
                "isTop": 0,
                "topNumber": 0,
                "latitude": "22.984838",
                "longitude": "113.32111",
                "address": "广东省广州市番禺区小资五街",
                "addressName": "番禺区钟村南国奥园(小资五街东)",
                "city": "广州市",
                "province": "广东省",
                "imgs": "https://img.hellothepaw.net/adopt/aliyun_1732024856022796.png,https://img.hellothepaw.net/adopt/aliyun_1732024887417542.png,https://img.hellothepaw.net/adopt/aliyun_1732024888972236.png,https://img.hellothepaw.net/adopt/aliyun_1732024891330590.png,https://img.hellothepaw.net/adopt/aliyun_1732024894253810.png",
                "petDescription": "辛巴堪比忠犬八公，主人搬家后留下他在小区，他天天守在楼下等主人回来。小区邻居可怜他给他喂吃的，他也没有心情，焦急的盼望主人回来接他，但他没等来主人，却等来了投诉和报警！好心邻居不忍心这么忠诚的狗狗被抓走冤死，只好先把他救下再找好心家庭领养。辛巴性格很好，笑容超级治愈，很适合家养！",
                "adoptConditions": "家庭养宠，不接受工厂农场等看门工作；\n家庭全体成员一致喜欢狗狗进入家庭；\n经济独立，稳定住所，不接受学生领养；\n办狗证，科学喂养，不喂廉价毒狗粮和剩饭菜；\n定期驱虫疫苗，适龄绝育，有病积极医治；\n接受家访和回访",
                "adoptStatus": "待领养",
                "sourceType": "nice_help",
                "sourceRemark": "辛巴堪比忠犬八公，主人搬家后留下他在小区，他天天守在楼下等主人回来。小区邻居可怜他给他喂吃的，他也没有心情，焦急的盼望主人回来接他，但他没等来主人，却等来了投诉和报警！好心邻居不忍心这么忠诚的狗狗被抓走冤死，只好先把他救下再找好心家庭领养。辛巴性格很好，笑容超级治愈，很适合家养！",
                "characterDescription": "忠诚，亲人",
                "applyStatus": "pass",
                "rejectReason": "",
                "isDelete": 0,
                "showScopes": null,
                "popularUpdateTime": null,
                "topUpdateTime": null,
                "infoUpdateTime": "2024-11-19 22:08:00",
                "applyUpdateTime": null,
                "adoptUpdateTime": "2025-01-18 23:44:28",
                "refreshTime": "2025-01-26 21:12:08",
                "createTime": "2024-11-19 22:08:00",
                "updateTime": "2025-01-26 21:12:08",
                "isAdopt": 1,
                "isAdoptCloud": 0,
                "isIdCard": 1,
                "rollBackAgreement": null,
                "remark": "",
                "shelfActionId": null,
                "isHalfway": 0
            },
            {
                "petId": 149223,
                "oldPetId": null,
                "petName": "大 B",
                "petCode": "C2411110001",
                "petType": "cat",
                "petTypeRemark": null,
                "petTypeBreed": "",
                "uuid": 1103678,
                "historyUuids": null,
                "rejectAdoptUuids": null,
                "employeeUuid": 1010038,
                "avatar": "https://img.hellothepaw.net/adopt/aliyun_1731291663711726.png",
                "sex": 1,
                "weight": "2.80",
                "weightType": "小型",
                "ageType": "成年",
                "ageMonth": "18",
                "hairType": "针毛",
                "hairLength": "短毛",
                "isHealth": 0,
                "healthDescription": "外伤（发情期和其他猫打架）",
                "adoptNeedAddress": "广东省,广州市,无;广东省,深圳市,无;广东省,东莞市,无",
                "isVaccine": 0,
                "isDeworm": 1,
                "isNeuter": 1,
                "isShared": 0,
                "isTop": 0,
                "topNumber": 0,
                "latitude": "23.02445",
                "longitude": "113.820686",
                "address": "广东省东莞市寮城中路与东升路交叉口北",
                "addressName": "万科时富金色家园2期",
                "city": "东莞市",
                "province": "广东省",
                "imgs": "https://img.hellothepaw.net/adopt/aliyun_1731291663711726.png,https://img.hellothepaw.net/adopt/aliyun_1731291667790944.png,https://img.hellothepaw.net/adopt/aliyun_1731291671829322.png,https://img.hellothepaw.net/adopt/aliyun_1731291675744785.png,https://img.hellothepaw.net/adopt/aliyun_1731291679651964.png",
                "petDescription": "爱嗷叫，很粘人，会用猫砂，吃嘛嘛香，是个乖宝宝。",
                "adoptConditions": "1、有稳定的住房、工作，有独立的经济能力；\n2、住房阳台封窗，为猫咪提供安全的环境，不笼养，不散养；\n3、同意给猫咪适龄绝育，定期驱虫、疫苗。科学喂养，从优喂养，拒绝毒猫粮；\n4、猫咪的寿命有十几到二十年左右，\n领养前充分考虑清楚，征求家人同意。不以结婚、怀孕、搬家、猫咪生病等任何理由弃养；\n5、愿意接受定期回访；\n6、在校大学生与租房大学生不送\n7、年龄很小的同居情侣不送，（客观事实讲感情不稳定",
                "adoptStatus": "待领养",
                "sourceType": "nice_help",
                "sourceRemark": "小区流浪猫，发情。被揍得遍体鳞伤，看着实在是太伤了。带去绝育，顺便养伤。",
                "characterDescription": "活泼好动，粘人，话痨",
                "applyStatus": "pass",
                "rejectReason": "",
                "isDelete": 0,
                "showScopes": null,
                "popularUpdateTime": null,
                "topUpdateTime": null,
                "infoUpdateTime": "2024-11-11 10:26:57",
                "applyUpdateTime": null,
                "adoptUpdateTime": null,
                "refreshTime": "2025-01-25 23:43:49",
                "createTime": "2024-11-11 10:26:57",
                "updateTime": "2025-01-25 23:43:48",
                "isAdopt": 1,
                "isAdoptCloud": 0,
                "isIdCard": 1,
                "rollBackAgreement": null,
                "remark": "",
                "shelfActionId": null,
                "isHalfway": 0
            },
            {
                "petId": 148994,
                "oldPetId": null,
                "petName": "小白",
                "petCode": "C2408020001",
                "petType": "cat",
                "petTypeRemark": null,
                "petTypeBreed": "",
                "uuid": 1103678,
                "historyUuids": null,
                "rejectAdoptUuids": null,
                "employeeUuid": 1010078,
                "avatar": "https://img.hellothepaw.net/adopt/aliyun_1731774871245503.png",
                "sex": 1,
                "weight": "3.50",
                "weightType": "小型",
                "ageType": "成年",
                "ageMonth": "18",
                "hairType": "针毛",
                "hairLength": "短毛",
                "isHealth": 0,
                "healthDescription": "发现时，口腔腐烂，手脚脏臭，现正在治疗中。\n已痊愈，无冠状、杯状、猫瘟。",
                "adoptNeedAddress": "广东省,广州市,无;广东省,深圳市,无;广东省,东莞市,无",
                "isVaccine": 1,
                "isDeworm": 1,
                "isNeuter": 1,
                "isShared": 0,
                "isTop": 0,
                "topNumber": 0,
                "latitude": "23.023879",
                "longitude": "113.821173",
                "address": "广东省东莞市寮城中路与东升路交叉口北",
                "addressName": "万科时富金色家园2期",
                "city": "东莞市",
                "province": "广东省",
                "imgs": "https://img.hellothepaw.net/adopt/aliyun_1731774871245503.png,https://img.hellothepaw.net/adopt/aliyun_1731774887188945.png,https://img.hellothepaw.net/adopt/aliyun_1731774912783244.png,https://img.hellothepaw.net/adopt/aliyun_1731774945990361.png,https://img.hellothepaw.net/adopt/aliyun_1731774962095443.png",
                "petDescription": "一个乖，很懂人话的小白猫。\n在小区流浪，每天都很努力活着，身边的小伙伴，死的死，走的走，它还努力生存，希望能找到温暖家庭。",
                "adoptConditions": "不接受合租\n需经济独立\n全屋封窗\n不溜猫\n不因家庭、怀孕、结婚、猫吵闹、等各类原因，弃养小猫。\n情绪化、暴力倾向，别申请。",
                "adoptStatus": "待领养",
                "sourceType": "nice_help",
                "sourceRemark": "凌晨遛狗时看到它，平时一直有投喂流浪猫，它前阵子消失了好几天，今天再见到，已经严重口炎，瘦了一大圈，全身发臭，牙齿流血，手脚都沾上了口腔的分泌物。\n想必前几天下雨，让它遇到大困难了。\n有缘相见，就救助一波，送它去朋友家借住+治疗。\n会尽力治疗，如后续口炎方面病愈，养好身体后，会带去绝育。\n望有  有缘人，能给它一个家。\n谢谢。\n推荐有养猫经验的老手，现在无猫的家庭。",
                "characterDescription": "乖巧、听话、温顺、不捣蛋",
                "applyStatus": "pass",
                "rejectReason": "",
                "isDelete": 0,
                "showScopes": null,
                "popularUpdateTime": null,
                "topUpdateTime": null,
                "infoUpdateTime": "2024-11-17 00:36:29",
                "applyUpdateTime": null,
                "adoptUpdateTime": null,
                "refreshTime": "2025-01-25 23:43:41",
                "createTime": "2024-08-02 05:28:57",
                "updateTime": "2025-01-25 23:43:41",
                "isAdopt": 1,
                "isAdoptCloud": 0,
                "isIdCard": 1,
                "rollBackAgreement": null,
                "remark": "",
                "shelfActionId": null,
                "isHalfway": 0
            },
            {
                "petId": 148601,
                "oldPetId": null,
                "petName": "旺仔",
                "petCode": "C2404160002",
                "petType": "cat",
                "petTypeRemark": null,
                "petTypeBreed": "",
                "uuid": 1103678,
                "historyUuids": null,
                "rejectAdoptUuids": null,
                "employeeUuid": 1010078,
                "avatar": "https://img.hellothepaw.net/adopt/aliyun_173177456770943.png",
                "sex": 1,
                "weight": "1.50",
                "weightType": "小型",
                "ageType": "幼年",
                "ageMonth": "6",
                "hairType": "针毛",
                "hairLength": "短毛",
                "isHealth": 1,
                "healthDescription": "",
                "adoptNeedAddress": "广东省,东莞市,无;广东省,深圳市,无;广东省,广州市,无",
                "isVaccine": 1,
                "isDeworm": 1,
                "isNeuter": 1,
                "isShared": 0,
                "isTop": 0,
                "topNumber": 0,
                "latitude": "23.023758",
                "longitude": "113.820585",
                "address": "广东省东莞市东莞市东升路附近",
                "addressName": "万科时富金色家园2期营销中心",
                "city": "东莞市",
                "province": "广东省",
                "imgs": "https://img.hellothepaw.net/adopt/aliyun_173177456770943.png,https://img.hellothepaw.net/adopt/aliyun_1731774729419795.png,https://img.hellothepaw.net/adopt/aliyun_1731774742927365.png,https://img.hellothepaw.net/adopt/aliyun_1731774758224869.png,https://img.hellothepaw.net/adopt/aliyun_1731774772838712.png",
                "petDescription": "发现它的时候，巴掌大一只。\n失去了妈妈，也自己坚强的活着。\n自己静静的躲在绿化带里，等待。\n性格活泼、粘人，爱骑脖马，会自己上你肩膀。\n希望旺仔能遇到爱它的家人。",
                "adoptConditions": "不接受合租\n工作稳定\n对猫咪不离不弃\n不因结婚、怀孕、失业、搬家等各种原因遗弃猫咪\n不喂垃圾粮，有病及时治疗。\n封窗\n",
                "adoptStatus": "待领养",
                "sourceType": "nice_help",
                "sourceRemark": "公司附近马路边的小奶猫，流浪数日，没有妈妈。\n怕它被车撞到，带回家暂住，帮它找领养。",
                "characterDescription": "活泼，开朗，胆子大，不挑食",
                "applyStatus": "pass",
                "rejectReason": "",
                "isDelete": 0,
                "showScopes": null,
                "popularUpdateTime": null,
                "topUpdateTime": null,
                "infoUpdateTime": "2024-11-17 00:33:15",
                "applyUpdateTime": "2024-05-25 22:22:03",
                "adoptUpdateTime": null,
                "refreshTime": "2025-01-25 23:43:38",
                "createTime": "2024-04-16 20:45:29",
                "updateTime": "2025-01-25 23:43:37",
                "isAdopt": 1,
                "isAdoptCloud": 0,
                "isIdCard": 1,
                "rollBackAgreement": null,
                "remark": "",
                "shelfActionId": null,
                "isHalfway": 0
            },
            {
                "petId": 147185,
                "oldPetId": null,
                "petName": "花生",
                "petCode": "C2303190004",
                "petType": "dog",
                "petTypeRemark": null,
                "petTypeBreed": "",
                "uuid": 1020268,
                "historyUuids": null,
                "rejectAdoptUuids": null,
                "employeeUuid": 1010078,
                "avatar": "https://img.hellothepaw.net/adopt/aliyun_1687168193246652.png",
                "sex": 1,
                "weight": "4.00",
                "weightType": "小型",
                "ageType": "成年",
                "ageMonth": "12",
                "hairType": "针毛",
                "hairLength": "中毛",
                "isHealth": 1,
                "healthDescription": "",
                "adoptNeedAddress": "广东省,广州市,海珠区",
                "isVaccine": 1,
                "isDeworm": 1,
                "isNeuter": 1,
                "isShared": 0,
                "isTop": 0,
                "topNumber": 0,
                "latitude": "23.181284",
                "longitude": "113.205803",
                "address": "广东省佛山市南海区工业大道与桥兴大街交叉口正东方",
                "addressName": "中海·金沙里",
                "city": "佛山市",
                "province": "广东省",
                "imgs": "https://img.hellothepaw.net/adopt/aliyun_1687168193246652.png,https://img.hellothepaw.net/adopt/aliyun_1687168197149205.png,https://img.hellothepaw.net/adopt/aliyun_1687168199715196.png,https://img.hellothepaw.net/adopt/aliyun_1687168204115753.png,https://img.hellothepaw.net/adopt/aliyun_1687168206872782.png,https://img.hellothepaw.net/adopt/aliyun_1687168211252421.png,https://img.hellothepaw.net/adopt/aliyun_1687168213819932.png",
                "petDescription": "",
                "adoptConditions": "不接受租屋申请，谢谢，",
                "adoptStatus": "待领养",
                "sourceType": "nice_help",
                "sourceRemark": "2023年3月在海珠区中大地铁附近学校流浪并被成功救助，",
                "characterDescription": "非常听话懂事，不爆冲，胆小，",
                "applyStatus": "pass",
                "rejectReason": "",
                "isDelete": 0,
                "showScopes": null,
                "popularUpdateTime": null,
                "topUpdateTime": null,
                "infoUpdateTime": "2023-06-19 17:50:30",
                "applyUpdateTime": null,
                "adoptUpdateTime": "2024-11-22 09:25:15",
                "refreshTime": "2025-01-25 22:11:44",
                "createTime": "2023-03-19 20:19:11",
                "updateTime": "2025-01-25 22:11:43",
                "isAdopt": 1,
                "isAdoptCloud": 0,
                "isIdCard": 1,
                "rollBackAgreement": null,
                "remark": "",
                "shelfActionId": null,
                "isHalfway": 0
            },
            {
                "petId": 149326,
                "oldPetId": null,
                "petName": "阿牛",
                "petCode": "C2501250002",
                "petType": "cat",
                "petTypeRemark": null,
                "petTypeBreed": "",
                "uuid": 1334022,
                "historyUuids": null,
                "rejectAdoptUuids": null,
                "employeeUuid": 1010038,
                "avatar": "https://img.hellothepaw.net/adopt/aliyun_1737812376684604.png",
                "sex": 1,
                "weight": "4.00",
                "weightType": "小型",
                "ageType": "成年",
                "ageMonth": "24",
                "hairType": "针毛",
                "hairLength": "长毛",
                "isHealth": 1,
                "healthDescription": "",
                "adoptNeedAddress": "广东省,广州市,无;广东省,韶关市,无;广东省,深圳市,无",
                "isVaccine": 1,
                "isDeworm": 1,
                "isNeuter": 1,
                "isShared": 1,
                "isTop": 0,
                "topNumber": 0,
                "latitude": "23.134401",
                "longitude": "113.332509",
                "address": "天河路383号(近地铁石牌桥站)",
                "addressName": "太古汇",
                "city": null,
                "province": null,
                "imgs": "https://img.hellothepaw.net/adopt/aliyun_1737812376684604.png,https://img.hellothepaw.net/adopt/aliyun_1737812381591400.png,https://img.hellothepaw.net/adopt/aliyun_1737812390263725.png,https://img.hellothepaw.net/adopt/aliyun_1737812391597743.png,https://img.hellothepaw.net/adopt/aliyun_1737812392874681.png,https://img.hellothepaw.net/adopt/aliyun_1737812394115503.png",
                "petDescription": "它吃货不挑食，和猫猫一起玩很活泼，虽然看到人会胆小下意识跑开，慢慢靠近或者睡觉的时候可以抓着抱着摸摸，可以剪指甲掏耳朵梳毛；也会睡在客厅我走来走去的地方，偶尔慢速经过也可以伸手摸。\n没耐心的就先劝退了，因为猫咪如果被多次退养性格频繁换环境会变得更胆小，是害了它，只要给够时间就个贴心猫。",
                "adoptConditions": "广州或邻近城市居住，有爱心责任心，封窗封网，不因结婚生子工作变动搬家回老家等原因遗弃，有病就医，疫苗打全，猫咪适龄绝育，不笼养，工作收入稳定，签领养协议，和猫猫拍一张合照，不喂差粮毒粮。拒绝冲动，请三思。（本地人优先，自住房优先，家庭领养优先）",
                "adoptStatus": "待领养",
                "sourceType": "nice_help",
                "sourceRemark": "12月初突然出现在街猫吃饭，等了很久都没看到寻猫启事，三周后将它逮捕\uD83D\uDE02\uD83D\uDE02\uD83D\uDE02现在已过去一个半月，断定被遗弃。",
                "characterDescription": "能吃能睡胆子小",
                "applyStatus": "pass",
                "rejectReason": "",
                "isDelete": 0,
                "showScopes": null,
                "popularUpdateTime": null,
                "topUpdateTime": null,
                "infoUpdateTime": "2025-01-25 21:41:19",
                "applyUpdateTime": null,
                "adoptUpdateTime": null,
                "refreshTime": "2025-01-25 21:41:19",
                "createTime": "2025-01-25 21:41:19",
                "updateTime": "2025-01-28 16:19:16",
                "isAdopt": 1,
                "isAdoptCloud": 0,
                "isIdCard": 1,
                "rollBackAgreement": null,
                "remark": "",
                "shelfActionId": null,
                "isHalfway": 0
            },
            {
                "petId": 149290,
                "oldPetId": null,
                "petName": "妹妹",
                "petCode": "C2412240001",
                "petType": "cat",
                "petTypeRemark": null,
                "petTypeBreed": "",
                "uuid": 1014732,
                "historyUuids": null,
                "rejectAdoptUuids": null,
                "employeeUuid": 1010038,
                "avatar": "https://img.hellothepaw.net/adopt/aliyun_1734995577569697.png",
                "sex": 2,
                "weight": "1.00",
                "weightType": "小型",
                "ageType": "幼年",
                "ageMonth": "2",
                "hairType": "针毛",
                "hairLength": "短毛",
                "isHealth": 1,
                "healthDescription": "",
                "adoptNeedAddress": "广东省,广州市,无;广东省,佛山市,无",
                "isVaccine": 1,
                "isDeworm": 1,
                "isNeuter": 0,
                "isShared": 0,
                "isTop": 0,
                "topNumber": 0,
                "latitude": "23.042921",
                "longitude": "113.298706",
                "address": "广东省广州市番禺区地铁2号线",
                "addressName": "洛溪[地铁站]",
                "city": "广州市",
                "province": "广东省",
                "imgs": "https://img.hellothepaw.net/adopt/aliyun_1734995577569697.png,https://img.hellothepaw.net/adopt/aliyun_1734995766753861.png,https://img.hellothepaw.net/adopt/aliyun_1734995837013132.png,https://img.hellothepaw.net/adopt/aliyun_173499592592030.png,https://img.hellothepaw.net/adopt/aliyun_1734996026491450.png,https://img.hellothepaw.net/adopt/aliyun_1736755022293169.png,https://img.hellothepaw.net/adopt/aliyun_1736755025660741.png,https://img.hellothepaw.net/adopt/aliyun_1736755077609651.png",
                "petDescription": "健康，活泼好动，黏哥哥，和其他猫友好，哥哥也待领养噢",
                "adoptConditions": "封窗，正常猫粮喂养，适龄绝育，有病治病，不离不弃。",
                "adoptStatus": "待领养",
                "sourceType": "nice_help",
                "sourceRemark": "【已安排疫苗】11月初湿冷的晚上，下着毛毛雨，两小只在地上一边奔跑一边找妈妈。我把他们捡到人行道时，他们试图跑到一位阿姨的脚跟取暖，可能阿姨怕猫，一脚踹开了。我看不下去，而且来往车多，他们又容易跑到马路中间，找了个纸箱装回家先过冬吧\uD83E\uDD72",
                "characterDescription": "活泼好动，黏哥哥，和其他猫友好",
                "applyStatus": "pass",
                "rejectReason": "",
                "isDelete": 0,
                "showScopes": null,
                "popularUpdateTime": null,
                "topUpdateTime": null,
                "infoUpdateTime": "2025-01-13 15:58:09",
                "applyUpdateTime": null,
                "adoptUpdateTime": null,
                "refreshTime": "2025-01-25 20:14:49",
                "createTime": "2024-12-24 07:28:50",
                "updateTime": "2025-01-25 20:14:49",
                "isAdopt": 1,
                "isAdoptCloud": 0,
                "isIdCard": 1,
                "rollBackAgreement": null,
                "remark": "",
                "shelfActionId": null,
                "isHalfway": 0
            },
            {
                "petId": 149293,
                "oldPetId": null,
                "petName": "哥哥",
                "petCode": "C2412250001",
                "petType": "cat",
                "petTypeRemark": null,
                "petTypeBreed": "",
                "uuid": 1014732,
                "historyUuids": null,
                "rejectAdoptUuids": null,
                "employeeUuid": 1010038,
                "avatar": "https://img.hellothepaw.net/adopt/aliyun_1735118173281760.png",
                "sex": 1,
                "weight": "1.00",
                "weightType": "小型",
                "ageType": "幼年",
                "ageMonth": "2",
                "hairType": "针毛",
                "hairLength": "短毛",
                "isHealth": 1,
                "healthDescription": "",
                "adoptNeedAddress": "广东省,广州市,无;广东省,佛山市,无",
                "isVaccine": 1,
                "isDeworm": 1,
                "isNeuter": 0,
                "isShared": 0,
                "isTop": 0,
                "topNumber": 0,
                "latitude": "23.042921",
                "longitude": "113.298706",
                "address": "广东省广州市番禺区地铁2号线",
                "addressName": "洛溪[地铁站]",
                "city": "广州市",
                "province": "广东省",
                "imgs": "https://img.hellothepaw.net/adopt/aliyun_1735118173281760.png,https://img.hellothepaw.net/adopt/aliyun_1735118323044320.png,https://img.hellothepaw.net/adopt/aliyun_1735118339354455.png,https://img.hellothepaw.net/adopt/aliyun_173511846806298.png,https://img.hellothepaw.net/adopt/aliyun_1735118555726370.png,https://img.hellothepaw.net/adopt/aliyun_1735118598227608.png,https://img.hellothepaw.net/adopt/aliyun_1735118606065641.png,https://img.hellothepaw.net/adopt/aliyun_1735118608243677.png,https://img.hellothepaw.net/adopt/aliyun_1736754862888553.png",
                "petDescription": "健康，活泼好动，黏妹妹，和其他猫友好，妹妹也待领养噢",
                "adoptConditions": "封窗，正常猫粮喂养，适龄绝育，有病治病，不离不弃。",
                "adoptStatus": "待领养",
                "sourceType": "nice_help",
                "sourceRemark": "【已安排疫苗】11月初湿冷的晚上，下着毛毛雨，两小只在地上一边奔跑一边找妈妈。我把他们捡到人行道时，他们试图跑到一位阿姨的脚跟取暖，可能阿姨怕猫，一脚踹开了。我看不下去，而且来往车多，他们又容易跑到马路中间，找了个纸箱装回家先过冬吧\uD83E\uDD72",
                "characterDescription": "活泼好动，黏妹妹，和其他猫友好",
                "applyStatus": "pass",
                "rejectReason": "",
                "isDelete": 0,
                "showScopes": null,
                "popularUpdateTime": null,
                "topUpdateTime": null,
                "infoUpdateTime": "2025-01-13 15:55:02",
                "applyUpdateTime": null,
                "adoptUpdateTime": null,
                "refreshTime": "2025-01-25 20:14:43",
                "createTime": "2024-12-25 17:24:16",
                "updateTime": "2025-01-25 20:14:43",
                "isAdopt": 1,
                "isAdoptCloud": 0,
                "isIdCard": 1,
                "rollBackAgreement": null,
                "remark": "",
                "shelfActionId": null,
                "isHalfway": 0
            },
            {
                "petId": 149325,
                "oldPetId": null,
                "petName": "胖头鱼",
                "petCode": "C2501250001",
                "petType": "cat",
                "petTypeRemark": null,
                "petTypeBreed": "",
                "uuid": 1334022,
                "historyUuids": null,
                "rejectAdoptUuids": null,
                "employeeUuid": 1010038,
                "avatar": "https://img.hellothepaw.net/adopt/aliyun_1737797631682873.png",
                "sex": 1,
                "weight": "5.00",
                "weightType": "小型",
                "ageType": "成年",
                "ageMonth": "18",
                "hairType": "针毛",
                "hairLength": "短毛",
                "isHealth": 1,
                "healthDescription": "",
                "adoptNeedAddress": "广东省,广州市,无;广东省,韶关市,无;广东省,深圳市,无",
                "isVaccine": 1,
                "isDeworm": 1,
                "isNeuter": 1,
                "isShared": 0,
                "isTop": 0,
                "topNumber": 0,
                "latitude": "23.134383",
                "longitude": "113.33273",
                "address": "广东省广州市天河区天河路383号(近地铁石牌桥站)",
                "addressName": "太古汇",
                "city": "广州市",
                "province": "广东省",
                "imgs": "https://img.hellothepaw.net/adopt/aliyun_1737797631682873.png,https://img.hellothepaw.net/adopt/aliyun_1737797830935499.png,https://img.hellothepaw.net/adopt/aliyun_1737797834969186.png,https://img.hellothepaw.net/adopt/aliyun_1737797844156584.png,https://img.hellothepaw.net/adopt/aliyun_1737797845667735.png,https://img.hellothepaw.net/adopt/aliyun_1737797847233523.png,https://img.hellothepaw.net/adopt/aliyun_1737797848575132.png,https://img.hellothepaw.net/adopt/aliyun_1737797849808290.png,https://img.hellothepaw.net/adopt/aliyun_1737797851217133.png",
                "petDescription": "胖头鱼颜值属于憨憨可爱型，很大的脸，很大的头，性格很好，任人亲亲抱抱摸摸，会跟上床睡觉贴贴。目前还不太能接受原住民是大只的猫（刚绝育完没多久，雄性激素还在旺盛中），可以在多猫家庭，但是猫不能比他大只哈哈哈，最好原住民是小猫或者母猫（个子小一点）。",
                "adoptConditions": "广州或邻近城市居住，有爱心责任心，封窗封网，不因结婚生子工作变动搬家回老家等原因遗弃，有病就医，疫苗打全，猫咪适龄绝育，不笼养，工作收入稳定，签领养协议，和猫猫拍一张合照，不喂差粮毒粮。拒绝冲动，请三思。（本地人优先，自住房优先，家庭领养优先）",
                "adoptStatus": "待领养",
                "sourceType": "nice_help",
                "sourceRemark": "胖头鱼，楼下突然出现的很亲人的大头橘，没多想以为是谁家的猫跑丢了，寻主N天无果也没有看到邻居寻猫，又是一只被遗弃乖宝宝。",
                "characterDescription": "活泼开朗爱吃陪睡",
                "applyStatus": "pass",
                "rejectReason": "",
                "isDelete": 0,
                "showScopes": null,
                "popularUpdateTime": null,
                "topUpdateTime": null,
                "infoUpdateTime": "2025-01-25 17:37:48",
                "applyUpdateTime": null,
                "adoptUpdateTime": null,
                "refreshTime": "2025-01-25 17:37:48",
                "createTime": "2025-01-25 17:37:48",
                "updateTime": "2025-01-28 16:19:47",
                "isAdopt": 1,
                "isAdoptCloud": 0,
                "isIdCard": 1,
                "rollBackAgreement": null,
                "remark": "",
                "shelfActionId": null,
                "isHalfway": 0
            },
            {
                "petId": 148589,
                "oldPetId": null,
                "petName": "阿包",
                "petCode": "D2404100003",
                "petType": "dog",
                "petTypeRemark": null,
                "petTypeBreed": "",
                "uuid": 1138921,
                "historyUuids": null,
                "rejectAdoptUuids": null,
                "employeeUuid": 1010078,
                "avatar": "https://img.hellothepaw.net/adopt/aliyun_1712691146202720.png",
                "sex": 1,
                "weight": "7.00",
                "weightType": "小型",
                "ageType": "幼年",
                "ageMonth": "5",
                "hairType": "针毛",
                "hairLength": "短毛",
                "isHealth": 1,
                "healthDescription": "曾经骨折，已手术治疗，能正常活动",
                "adoptNeedAddress": "广东省,广州市,无;广东省,佛山市,无",
                "isVaccine": 1,
                "isDeworm": 1,
                "isNeuter": 0,
                "isShared": 0,
                "isTop": 0,
                "topNumber": 0,
                "latitude": "23.278034",
                "longitude": "113.81441",
                "address": "广东省广州市增城区地铁21号线",
                "addressName": "增城广场[地铁站]",
                "city": "广州市",
                "province": "广东省",
                "imgs": "https://img.hellothepaw.net/adopt/aliyun_1712691146202720.png,https://img.hellothepaw.net/adopt/aliyun_1712691177549415.png,https://img.hellothepaw.net/adopt/aliyun_1712691198992472.png",
                "petDescription": "阿包是正宗铁包金，颜值在线，身体素质好，活泼可爱，等懂得欣赏的你来接他回家！",
                "adoptConditions": "家庭养宠，不接受工厂农场等看门工作；\n家庭全体成员一致喜欢狗狗进入家庭；\n有养大型犬经验者为佳；\n经济独立，稳定住所，不接受学生领养；\n办狗证，科学喂养，不喂廉价毒狗粮和剩饭菜；\n定期驱虫疫苗，适龄绝育，有病积极医治；\n接受家访和回访\n有养幼犬经验者为佳",
                "adoptStatus": "待领养",
                "sourceType": "nice_help",
                "sourceRemark": "阿包被救于一个城中村，开小食店的老板准备养他来卖狗肉店的，义工经过不忍心，出钱把他买下后找领养",
                "characterDescription": "亲人，活泼",
                "applyStatus": "pass",
                "rejectReason": "",
                "isDelete": 0,
                "showScopes": null,
                "popularUpdateTime": null,
                "topUpdateTime": null,
                "infoUpdateTime": "2024-04-10 03:38:20",
                "applyUpdateTime": null,
                "adoptUpdateTime": null,
                "refreshTime": "2025-01-24 15:16:03",
                "createTime": "2024-04-10 03:38:20",
                "updateTime": "2025-01-24 15:16:03",
                "isAdopt": 1,
                "isAdoptCloud": 0,
                "isIdCard": 1,
                "rollBackAgreement": null,
                "remark": "",
                "shelfActionId": null,
                "isHalfway": 0
            }
        ],
        "total": 732,
        "size": 10,
        "current": 7,
        "orders": [],
        "optimizeCountSql": true,
        "searchCount": true,
        "countId": null,
        "maxLimit": null,
        "pages": 74
    },
    "ok": true,
    "succeed": true
}