{
    "code": 200,
    "bcode": "00000",
    "msg": "请求成功",
    "data": {
        "records": [
            {
                "petId": 148659,
                "oldPetId": null,
                "petName": "三花猫",
                "petCode": "C2405020002",
                "petType": "cat",
                "petTypeRemark": null,
                "petTypeBreed": "",
                "uuid": 1138921,
                "historyUuids": null,
                "rejectAdoptUuids": null,
                "employeeUuid": 1010078,
                "avatar": "https://img.hellothepaw.net/adopt/aliyun_1714654377182585.png",
                "sex": 2,
                "weight": "4.00",
                "weightType": "小型",
                "ageType": "幼年",
                "ageMonth": "7",
                "hairType": "针毛",
                "hairLength": "短毛",
                "isHealth": 1,
                "healthDescription": "曾经骨折，已手术治疗，能正常活动",
                "adoptNeedAddress": "广东省,佛山市,无;广东省,广州市,无",
                "isVaccine": 1,
                "isDeworm": 1,
                "isNeuter": 0,
                "isShared": 0,
                "isTop": 0,
                "topNumber": 0,
                "latitude": "22.9339",
                "longitude": "113.38431",
                "address": "广东省广州市番禺区清河东路319号",
                "addressName": "番禺广场",
                "city": "广州市",
                "province": "广东省",
                "imgs": "https://img.hellothepaw.net/adopt/aliyun_1714654377182585.png,https://img.hellothepaw.net/adopt/aliyun_1714654378185171.png,https://img.hellothepaw.net/adopt/aliyun_1714654566372542.png",
                "petDescription": "三花猫被救于广州一个小区的下水管，当时是夜里，幸亏猫猫聪明伶俐，知道不断求救，终于等来好心邻居，排除万难找人来把水渠盖撬开救出！大难不死，必有后福！猫猫本来就很精灵，就等一个同样精灵的铲屎官了！\uD83E\uDD1F\uD83E\uDD1F\uD83E\uDD1F",
                "adoptConditions": "家庭养宠，不接受工厂农场等看门工作；\n家庭全体成员一致喜欢狗狗进入家庭；\n有养大型犬经验者为佳；\n经济独立，稳定住所，不接受学生领养；\n办狗证，科学喂养，不喂廉价毒狗粮和剩饭菜；\n定期驱虫疫苗，适龄绝育，有病积极医治；\n接受家访和回访\n有养大型犬幼犬经验者为佳",
                "adoptStatus": "待领养",
                "sourceType": "nice_help",
                "sourceRemark": "三花猫被救于广州一个小区的下水管，当时是夜里，幸亏猫猫聪明伶俐，知道不断求救，终于等来好心邻居，排除万难找人来把水渠盖撬开救出！",
                "characterDescription": "亲人，活泼",
                "applyStatus": "pass",
                "rejectReason": "",
                "isDelete": 0,
                "showScopes": null,
                "popularUpdateTime": null,
                "topUpdateTime": null,
                "infoUpdateTime": "2024-05-15 21:10:13",
                "applyUpdateTime": null,
                "adoptUpdateTime": null,
                "refreshTime": "2025-01-24 15:15:57",
                "createTime": "2024-05-02 21:00:38",
                "updateTime": "2025-01-24 15:15:57",
                "isAdopt": 1,
                "isAdoptCloud": 0,
                "isIdCard": 1,
                "rollBackAgreement": null,
                "remark": "",
                "shelfActionId": null,
                "isHalfway": 0
            },
            {
                "petId": 148660,
                "oldPetId": null,
                "petName": "小花花",
                "petCode": "D2405020003",
                "petType": "dog",
                "petTypeRemark": null,
                "petTypeBreed": "",
                "uuid": 1138921,
                "historyUuids": null,
                "rejectAdoptUuids": null,
                "employeeUuid": 1010078,
                "avatar": "https://img.hellothepaw.net/adopt/aliyun_171465497371257.png",
                "sex": 2,
                "weight": "7.00",
                "weightType": "小型",
                "ageType": "成年",
                "ageMonth": "12",
                "hairType": "针毛",
                "hairLength": "短毛",
                "isHealth": 1,
                "healthDescription": "",
                "adoptNeedAddress": "广东省,广州市,无;广东省,深圳市,无;广东省,佛山市,无",
                "isVaccine": 1,
                "isDeworm": 1,
                "isNeuter": 1,
                "isShared": 0,
                "isTop": 0,
                "topNumber": 0,
                "latitude": "22.935505",
                "longitude": "113.385635",
                "address": "广东省广州市番禺区地铁3号线,地铁18号线,地铁22号线,地铁3号线东延段",
                "addressName": "番禺广场[地铁站]",
                "city": "广州市",
                "province": "广东省",
                "imgs": "https://img.hellothepaw.net/adopt/aliyun_171465497371257.png,https://img.hellothepaw.net/adopt/aliyun_1714654975193924.png,https://img.hellothepaw.net/adopt/aliyun_1714655560454541.png,https://img.hellothepaw.net/adopt/aliyun_172036704560637.png",
                "petDescription": "小花花和狗妈大花花一直在一个园区流浪，母女俩相依为命，加上有阿姨喂她们，她们已经当那里是家了。无奈有一天园区出租，要把她们驱赶甚至打死！阿姨无奈之下找义工求救。获救后的小花依然很胆小，对周围环境声音很敏感，总是向妈妈寻求庇护，有妈妈在的时候她能自信很多，希望有爱心家庭能同时接收这对苦命母女，给她们家庭温暖，她们会重新焕发光彩，重启狗生！",
                "adoptConditions": "家庭养宠，不接受工厂农场等看门工作；\n家庭全体成员一致喜欢狗狗进入家庭；\n有养大型犬经验者为佳；\n经济独立，稳定住所，不接受学生领养；\n办狗证，科学喂养，不喂廉价毒狗粮和剩饭菜；\n定期驱虫疫苗，适龄绝育，有病积极医治；\n接受家访和回访",
                "adoptStatus": "待领养",
                "sourceType": "nice_help",
                "sourceRemark": "小花花和狗妈大花花一直在一个园区流浪，加上有阿姨喂她们，她们已经当那里是家了。无奈有一天园区出租，要把她们驱赶甚至打死！阿姨无奈之下找义工求救",
                "characterDescription": "相当胆小谨慎，需要狗妈妈的陪伴",
                "applyStatus": "pass",
                "rejectReason": "",
                "isDelete": 0,
                "showScopes": null,
                "popularUpdateTime": null,
                "topUpdateTime": null,
                "infoUpdateTime": "2024-07-07 23:44:30",
                "applyUpdateTime": null,
                "adoptUpdateTime": null,
                "refreshTime": "2025-01-24 15:15:51",
                "createTime": "2024-05-02 21:12:00",
                "updateTime": "2025-01-24 15:15:51",
                "isAdopt": 1,
                "isAdoptCloud": 0,
                "isIdCard": 1,
                "rollBackAgreement": null,
                "remark": "",
                "shelfActionId": null,
                "isHalfway": 0
            },
            {
                "petId": 148663,
                "oldPetId": null,
                "petName": "阿利",
                "petCode": "D2405020006",
                "petType": "dog",
                "petTypeRemark": null,
                "petTypeBreed": "",
                "uuid": 1138921,
                "historyUuids": null,
                "rejectAdoptUuids": null,
                "employeeUuid": 1010078,
                "avatar": "https://img.hellothepaw.net/adopt/aliyun_1714656644022407.png",
                "sex": 1,
                "weight": "20.00",
                "weightType": "大型",
                "ageType": "成年",
                "ageMonth": "12",
                "hairType": "针毛",
                "hairLength": "长毛",
                "isHealth": 1,
                "healthDescription": "",
                "adoptNeedAddress": "广东省,广州市,无;广东省,深圳市,无;广东省,东莞市,无;广东省,佛山市,无",
                "isVaccine": 1,
                "isDeworm": 1,
                "isNeuter": 1,
                "isShared": 0,
                "isTop": 0,
                "topNumber": 0,
                "latitude": "23.276031",
                "longitude": "113.81533",
                "address": "广东省广州市增城区增城大道69号",
                "addressName": "广州增城万达广场",
                "city": "广州市",
                "province": "广东省",
                "imgs": "https://img.hellothepaw.net/adopt/aliyun_1714656644022407.png,https://img.hellothepaw.net/adopt/aliyun_1714656645651467.png",
                "petDescription": "土松狗狗是超级温暖听话的，谁又挡得住这憨憨的小眼神呢？狗狗在基地里虽然过得潦草了些，但真正打理好了颜值可是很能打的哦！真正懂的欣赏的人快快出现吧！\uD83D\uDE4F\uD83C\uDFFB\uD83D\uDE4F\uD83C\uDFFB\uD83D\uDE4F\uD83C\uDFFB",
                "adoptConditions": "家庭养宠，不接受工厂农场等看门工作；\n家庭全体成员一致喜欢狗狗进入家庭；\n有养大型犬经验者为佳；\n经济独立，稳定住所，不接受学生领养；\n办狗证，科学喂养，不喂廉价毒狗粮和剩饭菜；\n定期驱虫疫苗，适龄绝育，有病积极医治；\n接受家访和回访",
                "adoptStatus": "待领养",
                "sourceType": "nice_help",
                "sourceRemark": "狗狗在佛山某废弃工厂被救",
                "characterDescription": "聪明伶俐，听话乖巧",
                "applyStatus": "pass",
                "rejectReason": "",
                "isDelete": 0,
                "showScopes": null,
                "popularUpdateTime": null,
                "topUpdateTime": null,
                "infoUpdateTime": "2024-05-02 21:31:39",
                "applyUpdateTime": null,
                "adoptUpdateTime": null,
                "refreshTime": "2025-01-24 15:15:38",
                "createTime": "2024-05-02 21:31:39",
                "updateTime": "2025-01-24 15:15:38",
                "isAdopt": 1,
                "isAdoptCloud": 0,
                "isIdCard": 1,
                "rollBackAgreement": null,
                "remark": "",
                "shelfActionId": null,
                "isHalfway": 0
            },
            {
                "petId": 147584,
                "oldPetId": null,
                "petName": "小瑞（四蹄踏雪）",
                "petCode": "C2306210004",
                "petType": "cat",
                "petTypeRemark": null,
                "petTypeBreed": "",
                "uuid": 1102490,
                "historyUuids": null,
                "rejectAdoptUuids": null,
                "employeeUuid": 1010078,
                "avatar": "https://img.hellothepaw.net/adopt/aliyun_1687312942077784.png",
                "sex": 2,
                "weight": "3.00",
                "weightType": "小型",
                "ageType": "成年",
                "ageMonth": "12",
                "hairType": "针毛",
                "hairLength": "短毛",
                "isHealth": 1,
                "healthDescription": "",
                "adoptNeedAddress": "广东省,广州市,无;广东省,深圳市,无;广东省,佛山市,无;广东省,东莞市,无;广东省,中山市,无",
                "isVaccine": 1,
                "isDeworm": 1,
                "isNeuter": 1,
                "isShared": 0,
                "isTop": 0,
                "topNumber": 0,
                "latitude": "22.794498",
                "longitude": "113.532257",
                "address": "广东省广州市南沙区双山大道3号",
                "addressName": "广州南沙万达广场",
                "city": "广州市",
                "province": "广东省",
                "imgs": "https://img.hellothepaw.net/adopt/aliyun_1687312942077784.png,https://img.hellothepaw.net/adopt/aliyun_1693112528303955.png",
                "petDescription": "雨天一路小跑小心翼翼跟着我家两只狗，不知道前路究竟是不是险境；一次冒险未知的赌博式信任，最终换来被救；希望猫咪通过领养获得一个温馨永久的家。",
                "adoptConditions": "人生各个阶段考试换工作结婚怀孕生育都不会弃养，认可怀孕与养宠没有冲突，定期驱虫洗澡，宠物生病有经济能力有耐心提供积极医疗救治并绝育，家里封网，接受定期回访",
                "adoptStatus": "待领养",
                "sourceType": "nice_help",
                "sourceRemark": "大晚上雨天遛狗的时候独自跟着我们，于是救助。",
                "characterDescription": "温顺乖巧",
                "applyStatus": "pass",
                "rejectReason": "",
                "isDelete": 0,
                "showScopes": null,
                "popularUpdateTime": null,
                "topUpdateTime": null,
                "infoUpdateTime": "2024-08-26 21:56:55",
                "applyUpdateTime": null,
                "adoptUpdateTime": null,
                "refreshTime": "2025-01-23 14:02:29",
                "createTime": "2023-06-21 10:11:05",
                "updateTime": "2025-01-23 14:02:28",
                "isAdopt": 1,
                "isAdoptCloud": 0,
                "isIdCard": 1,
                "rollBackAgreement": null,
                "remark": "",
                "shelfActionId": null,
                "isHalfway": 0
            },
            {
                "petId": 149322,
                "oldPetId": null,
                "petName": "花花",
                "petCode": "C2501220002",
                "petType": "cat",
                "petTypeRemark": null,
                "petTypeBreed": "",
                "uuid": 1339383,
                "historyUuids": null,
                "rejectAdoptUuids": null,
                "employeeUuid": 1010038,
                "avatar": "https://img.hellothepaw.net/adopt/aliyun_1737533902159871.png",
                "sex": 2,
                "weight": "2.00",
                "weightType": "小型",
                "ageType": "幼年",
                "ageMonth": "2",
                "hairType": "针毛",
                "hairLength": "短毛",
                "isHealth": 1,
                "healthDescription": "",
                "adoptNeedAddress": "广东省,无,无",
                "isVaccine": 0,
                "isDeworm": 1,
                "isNeuter": 0,
                "isShared": 1,
                "isTop": 0,
                "topNumber": 0,
                "latitude": "22.700705",
                "longitude": "114.3988",
                "address": "广东省深圳市坪山区石井街道兰田路3002号",
                "addressName": "深圳技术大学",
                "city": "深圳市",
                "province": "广东省",
                "imgs": "https://img.hellothepaw.net/adopt/aliyun_1737533902159871.png,https://img.hellothepaw.net/adopt/aliyun_1737533905764727.png,https://img.hellothepaw.net/adopt/aliyun_1737533908213402.png",
                "petDescription": "跟在猫妈妈身边，不怕人",
                "adoptConditions": "对猫咪负责，封窗，适龄绝育，绝不遗弃虐待，有一定的经济能力的成年人，猫咪生活用品已备齐，领养后会一并送过去，且可承担一半的绝育费用，只求对猫负责！！！只求对猫负责！！！只求对猫负责！！！1.对猫咪好，绝不遗弃，适龄后做绝育，对猫猫负责！2.确保家庭所有成员同意，有一定经济能力的成年人3.封窗，防止小猫坠楼领养后可承担一半绝育费用，生活用品也会一并送过去",
                "adoptStatus": "待领养",
                "sourceType": "nice_help",
                "sourceRemark": "办公室救助的流浪母猫生的，被捡了回来",
                "characterDescription": "活泼好动有精力爱玩好奇宝宝",
                "applyStatus": "pass",
                "rejectReason": "",
                "isDelete": 0,
                "showScopes": null,
                "popularUpdateTime": null,
                "topUpdateTime": null,
                "infoUpdateTime": "2025-01-23 02:42:15",
                "applyUpdateTime": null,
                "adoptUpdateTime": null,
                "refreshTime": "2025-01-23 02:42:15",
                "createTime": "2025-01-22 16:18:34",
                "updateTime": "2025-01-23 08:37:46",
                "isAdopt": 1,
                "isAdoptCloud": 0,
                "isIdCard": 0,
                "rollBackAgreement": null,
                "remark": "已驱虫已体检",
                "shelfActionId": null,
                "isHalfway": 0
            },
            {
                "petId": 147858,
                "oldPetId": null,
                "petName": "雪糕",
                "petCode": "D2308220002",
                "petType": "dog",
                "petTypeRemark": null,
                "petTypeBreed": "",
                "uuid": 1187547,
                "historyUuids": null,
                "rejectAdoptUuids": null,
                "employeeUuid": 1010078,
                "avatar": "https://img.hellothepaw.net/adopt/aliyun_1692681265530394.png",
                "sex": 1,
                "weight": "6.00",
                "weightType": "小型",
                "ageType": "成年",
                "ageMonth": "24",
                "hairType": "针毛",
                "hairLength": "中毛",
                "isHealth": 1,
                "healthDescription": "",
                "adoptNeedAddress": "广东省,广州市,无;广东省,佛山市,无",
                "isVaccine": 1,
                "isDeworm": 1,
                "isNeuter": 1,
                "isShared": 0,
                "isTop": 0,
                "topNumber": 0,
                "latitude": "22.765503",
                "longitude": "113.258644",
                "address": "广东省佛山市顺德区容桂镇桂洲大道西6号",
                "addressName": "新幸福·家园",
                "city": "佛山市",
                "province": "广东省",
                "imgs": "https://img.hellothepaw.net/adopt/aliyun_1692681265530394.png,https://img.hellothepaw.net/adopt/aliyun_1692681266820805.png",
                "petDescription": "因皮肤病被救助，现已痊愈，由于流浪原因比较胆小，但很亲人，希望能为它找一个家",
                "adoptConditions": "经济独立，稳定住所，不接受学生领养；\n办狗证，科学喂养，不喂廉价毒狗粮和剩饭菜；\n定期驱虫疫苗，有病积极医治；\n接受家访和回访；\n签协议，留身份证复印件",
                "adoptStatus": "待领养",
                "sourceType": "nice_help",
                "sourceRemark": "躺在路边，全身皮肤病被救助，皮肤病已痊愈",
                "characterDescription": "乖巧，比较胆小，粘人",
                "applyStatus": "pass",
                "rejectReason": "",
                "isDelete": 0,
                "showScopes": null,
                "popularUpdateTime": null,
                "topUpdateTime": null,
                "infoUpdateTime": "2023-08-22 13:18:33",
                "applyUpdateTime": null,
                "adoptUpdateTime": null,
                "refreshTime": "2025-01-23 00:16:47",
                "createTime": "2023-08-22 13:18:33",
                "updateTime": "2025-01-23 00:16:46",
                "isAdopt": 1,
                "isAdoptCloud": 0,
                "isIdCard": 1,
                "rollBackAgreement": null,
                "remark": "",
                "shelfActionId": null,
                "isHalfway": 0
            },
            {
                "petId": 147855,
                "oldPetId": null,
                "petName": "初一",
                "petCode": "D2308210002",
                "petType": "dog",
                "petTypeRemark": null,
                "petTypeBreed": "",
                "uuid": 1187547,
                "historyUuids": null,
                "rejectAdoptUuids": null,
                "employeeUuid": 1010078,
                "avatar": "https://img.hellothepaw.net/adopt/aliyun_1692612956703510.png",
                "sex": 1,
                "weight": "7.50",
                "weightType": "小型",
                "ageType": "成年",
                "ageMonth": "36",
                "hairType": "针毛",
                "hairLength": "中毛",
                "isHealth": 1,
                "healthDescription": "",
                "adoptNeedAddress": "广东省,广州市,无;广东省,佛山市,无",
                "isVaccine": 1,
                "isDeworm": 1,
                "isNeuter": 1,
                "isShared": 0,
                "isTop": 0,
                "topNumber": 0,
                "latitude": "22.765503",
                "longitude": "113.258644",
                "address": "广东省佛山市顺德区容桂镇桂洲大道西6号",
                "addressName": "新幸福·家园",
                "city": "佛山市",
                "province": "广东省",
                "imgs": "https://img.hellothepaw.net/adopt/aliyun_1692612956703510.png,https://img.hellothepaw.net/adopt/aliyun_16926129628900.png,https://img.hellothepaw.net/adopt/aliyun_1692612963634808.png",
                "petDescription": "",
                "adoptConditions": "经济独立，稳定住所，不接受学生领养；\n办狗证，科学喂养，不喂廉价毒狗粮和剩饭菜；\n定期驱虫疫苗，有病积极医治；\n接受家访和回访；\n签协议，留身份证复印件",
                "adoptStatus": "待领养",
                "sourceType": "nice_help",
                "sourceRemark": "小区群发布被遗弃的，原主人搬家",
                "characterDescription": "非常乖巧，不乱叫，不随地大小便",
                "applyStatus": "pass",
                "rejectReason": "",
                "isDelete": 0,
                "showScopes": null,
                "popularUpdateTime": null,
                "topUpdateTime": null,
                "infoUpdateTime": "2023-08-21 18:22:13",
                "applyUpdateTime": null,
                "adoptUpdateTime": null,
                "refreshTime": "2025-01-23 00:16:41",
                "createTime": "2023-08-21 18:22:13",
                "updateTime": "2025-01-23 00:16:40",
                "isAdopt": 1,
                "isAdoptCloud": 0,
                "isIdCard": 1,
                "rollBackAgreement": null,
                "remark": "",
                "shelfActionId": null,
                "isHalfway": 0
            },
            {
                "petId": 149321,
                "oldPetId": null,
                "petName": "白白",
                "petCode": "C2501220001",
                "petType": "cat",
                "petTypeRemark": null,
                "petTypeBreed": "",
                "uuid": 1339381,
                "historyUuids": null,
                "rejectAdoptUuids": null,
                "employeeUuid": 1010038,
                "avatar": "https://img.hellothepaw.net/adopt/aliyun_1737529172275466.png",
                "sex": 1,
                "weight": "7.00",
                "weightType": "小型",
                "ageType": "成年",
                "ageMonth": "12",
                "hairType": "针毛",
                "hairLength": "短毛",
                "isHealth": 1,
                "healthDescription": "",
                "adoptNeedAddress": "河北省,石家庄市,无",
                "isVaccine": 1,
                "isDeworm": 1,
                "isNeuter": 1,
                "isShared": 1,
                "isTop": 0,
                "topNumber": 0,
                "latitude": "38.016739",
                "longitude": "114.448868",
                "address": "河北省石家庄市桥西区新石中路367号",
                "addressName": "欧景园",
                "city": "石家庄市",
                "province": "河北省",
                "imgs": "https://img.hellothepaw.net/adopt/aliyun_1737529172275466.png,https://img.hellothepaw.net/adopt/aliyun_1737529174151821.png,https://img.hellothepaw.net/adopt/aliyun_1737529176054781.png",
                "petDescription": "第一次见到他就喜欢他，因为他亲人，不认生。身体健康，蹦蹦跳跳的。",
                "adoptConditions": "有固定居所，有稳定的收入来源可以抚养猫咪。有爱心，不离不弃，每年补打疫苗。",
                "adoptStatus": "待领养",
                "sourceType": "nice_help",
                "sourceRemark": "在小区里看到他，他脖子上挂着一个铃铛，冲着我叫，我给了他猫粮，然后就跟我回家了。",
                "characterDescription": "性格亲人，温顺。",
                "applyStatus": "pass",
                "rejectReason": "",
                "isDelete": 0,
                "showScopes": null,
                "popularUpdateTime": null,
                "topUpdateTime": null,
                "infoUpdateTime": "2025-01-22 15:04:47",
                "applyUpdateTime": null,
                "adoptUpdateTime": null,
                "refreshTime": "2025-01-22 15:04:47",
                "createTime": "2025-01-22 15:04:47",
                "updateTime": "2025-01-23 01:50:19",
                "isAdopt": 1,
                "isAdoptCloud": 0,
                "isIdCard": 1,
                "rollBackAgreement": null,
                "remark": "",
                "shelfActionId": null,
                "isHalfway": 0
            },
            {
                "petId": 149214,
                "oldPetId": null,
                "petName": "葡萄",
                "petCode": "D2411060003",
                "petType": "dog",
                "petTypeRemark": null,
                "petTypeBreed": "",
                "uuid": 1024006,
                "historyUuids": null,
                "rejectAdoptUuids": null,
                "employeeUuid": 1010038,
                "avatar": "https://img.hellothepaw.net/adopt/aliyun_1730898030793385.png",
                "sex": 2,
                "weight": "8.00",
                "weightType": "小型",
                "ageType": "成年",
                "ageMonth": "18",
                "hairType": "针毛",
                "hairLength": "短毛",
                "isHealth": 1,
                "healthDescription": "",
                "adoptNeedAddress": "广东省,广州市,无;广东省,佛山市,无",
                "isVaccine": 1,
                "isDeworm": 1,
                "isNeuter": 1,
                "isShared": 0,
                "isTop": 0,
                "topNumber": 0,
                "latitude": "23.067287",
                "longitude": "113.21175",
                "address": "广东省广州市荔湾区棉高路与增南路交叉口西南方向34米",
                "addressName": "广州市荔湾区",
                "city": "广州市",
                "province": "广东省",
                "imgs": "https://img.hellothepaw.net/adopt/aliyun_1730898030793385.png,https://img.hellothepaw.net/adopt/aliyun_1730898033676737.png,https://img.hellothepaw.net/adopt/aliyun_1730898036365399.png,https://img.hellothepaw.net/adopt/aliyun_1730898039137311.png,https://img.hellothepaw.net/adopt/aliyun_1730898041837262.png,https://img.hellothepaw.net/adopt/aliyun_173089804426681.png,https://img.hellothepaw.net/adopt/aliyun_173089804685356.png,https://img.hellothepaw.net/adopt/aliyun_1730898049298779.png,https://img.hellothepaw.net/adopt/aliyun_1730898051571990.png",
                "petDescription": "可爱活泼，非常乖。",
                "adoptConditions": "有经济收入，独立个人，需家人同意。",
                "adoptStatus": "待领养",
                "sourceType": "nice_help",
                "sourceRemark": "2023年10月份在佛山顺德北滘的加油站发现她，狗狗非常健康，当时加油站的工作人员会给她投喂食物。考虑到加油站车来车往，非常危险，所以把她救助了。救助后一直寄养在宠物店。",
                "characterDescription": "非常乖，听话",
                "applyStatus": "pass",
                "rejectReason": "",
                "isDelete": 0,
                "showScopes": null,
                "popularUpdateTime": null,
                "topUpdateTime": null,
                "infoUpdateTime": "2024-11-06 21:15:57",
                "applyUpdateTime": null,
                "adoptUpdateTime": null,
                "refreshTime": "2025-01-21 13:40:16",
                "createTime": "2024-11-06 21:15:57",
                "updateTime": "2025-01-21 13:40:16",
                "isAdopt": 1,
                "isAdoptCloud": 0,
                "isIdCard": 0,
                "rollBackAgreement": null,
                "remark": "",
                "shelfActionId": null,
                "isHalfway": 0
            },
            {
                "petId": 149195,
                "oldPetId": null,
                "petName": "橘子",
                "petCode": "C2410280006",
                "petType": "cat",
                "petTypeRemark": null,
                "petTypeBreed": "",
                "uuid": 1052811,
                "historyUuids": null,
                "rejectAdoptUuids": null,
                "employeeUuid": 1010078,
                "avatar": "https://img.hellothepaw.net/adopt/aliyun_1730124501725633.png",
                "sex": 2,
                "weight": "3.20",
                "weightType": "小型",
                "ageType": "成年",
                "ageMonth": "12",
                "hairType": "卷毛",
                "hairLength": "长毛",
                "isHealth": 0,
                "healthDescription": "猫鼻支史，鼻塞，持续咳嗽，无浓鼻涕，目前已缓解暂无复发（猫鼻支无法治愈，只要免疫力高一般很少概率复发，近期天气转季也没有复发）",
                "adoptNeedAddress": "广东省,广州市,无;广东省,佛山市,无",
                "isVaccine": 0,
                "isDeworm": 1,
                "isNeuter": 0,
                "isShared": 1,
                "isTop": 0,
                "topNumber": 0,
                "latitude": "23.119858",
                "longitude": "113.412544",
                "address": "广东省广州市天河区中山大道中995号(黄村BRT站)",
                "addressName": "柏高·雅酒店(广州东圃天河城店)",
                "city": "广州市",
                "province": "广东省",
                "imgs": "https://img.hellothepaw.net/adopt/aliyun_1730124501725633.png,https://img.hellothepaw.net/adopt/aliyun_1730124513519560.png,https://img.hellothepaw.net/adopt/aliyun_1730124523269782.png,https://img.hellothepaw.net/adopt/aliyun_1730124530876828.png,https://img.hellothepaw.net/adopt/aliyun_1730124538264350.png,https://img.hellothepaw.net/adopt/aliyun_1730124548120774.png,https://img.hellothepaw.net/adopt/aliyun_1730124559714978.png,https://img.hellothepaw.net/adopt/aliyun_173012457133019.png,https://img.hellothepaw.net/adopt/aliyun_1730124579440872.png",
                "petDescription": "会打猫打狗，但仅限于路过爪子扑棱两下，不追打，主要是驱逐让其远离，所以需要独宠家庭饲养，会疫苗绝育后送出",
                "adoptConditions": "全屋封网，不喂毒粮，不离不弃，生病有经济能力治疗",
                "adoptStatus": "待领养",
                "sourceType": "nice_help",
                "sourceRemark": "8.11遛狗，被狗在下水道管口发现，当时位置靠着挡板，正常人路过发现不了，以为是后院繁殖母猫生病被扔出来了，暴瘦不到4斤，一摸全是肋骨，乳头有点大疑似生育过，浑身毛发打结，身上一股尿味",
                "characterDescription": "独立，爱玩",
                "applyStatus": "pass",
                "rejectReason": "",
                "isDelete": 0,
                "showScopes": null,
                "popularUpdateTime": null,
                "topUpdateTime": null,
                "infoUpdateTime": "2024-10-28 22:21:33",
                "applyUpdateTime": null,
                "adoptUpdateTime": null,
                "refreshTime": "2025-01-20 13:46:32",
                "createTime": "2024-10-28 22:16:40",
                "updateTime": "2025-01-20 13:46:31",
                "isAdopt": 1,
                "isAdoptCloud": 0,
                "isIdCard": 1,
                "rollBackAgreement": null,
                "remark": "",
                "shelfActionId": null,
                "isHalfway": 0
            }
        ],
        "total": 732,
        "size": 10,
        "current": 8,
        "orders": [],
        "optimizeCountSql": true,
        "searchCount": true,
        "countId": null,
        "maxLimit": null,
        "pages": 74
    },
    "ok": true,
    "succeed": true
}