{
    "code": 200,
    "bcode": "00000",
    "msg": "请求成功",
    "data": {
        "records": [
            {
                "petId": 149317,
                "oldPetId": null,
                "petName": "芒果核",
                "petCode": "C2501180001",
                "petType": "cat",
                "petTypeRemark": null,
                "petTypeBreed": "",
                "uuid": 1334022,
                "historyUuids": null,
                "rejectAdoptUuids": null,
                "employeeUuid": 1010078,
                "avatar": "https://img.hellothepaw.net/adopt/aliyun_1737186851212850.png",
                "sex": 2,
                "weight": "2.00",
                "weightType": "小型",
                "ageType": "幼年",
                "ageMonth": "3",
                "hairType": "针毛",
                "hairLength": "短毛",
                "isHealth": 1,
                "healthDescription": "",
                "adoptNeedAddress": "广东省,广州市,无;广东省,深圳市,无;广东省,佛山市,无",
                "isVaccine": 1,
                "isDeworm": 1,
                "isNeuter": 0,
                "isShared": 0,
                "isTop": 0,
                "topNumber": 0,
                "latitude": "23.134666",
                "longitude": "113.328362",
                "address": "广东省广州市天河区地铁1号线",
                "addressName": "体育中心[地铁站]",
                "city": "广州市",
                "province": "广东省",
                "imgs": "https://img.hellothepaw.net/adopt/aliyun_1737186851212850.png,https://img.hellothepaw.net/adopt/aliyun_1737186866411146.png,https://img.hellothepaw.net/adopt/aliyun_1737186867814487.png,https://img.hellothepaw.net/adopt/aliyun_1737186869124777.png,https://img.hellothepaw.net/adopt/aliyun_1737186870630197.png,https://img.hellothepaw.net/adopt/aliyun_1737186872063370.png,https://img.hellothepaw.net/adopt/aliyun_1737186873224612.png,https://img.hellothepaw.net/adopt/aliyun_1737186874746715.png,https://img.hellothepaw.net/adopt/aliyun_1737186875733982.png",
                "petDescription": "颜值非常好，活泼可爱贪吃爱玩，目前在多猫家庭，和猫相处也非常友好！从小就没脾气，人可以随便摸，可以随便剪指甲摸摸，上手摸随时会咕噜噜，很享受可以翻肚皮摸肚皮，但是如果人突然靠近会跑掉，有点两幅面孔\uD83D\uDE02建议有经验的铲屎官来领养做二胎！",
                "adoptConditions": "广州或邻近城市居住，有爱心责任心，封窗封网，不因结婚生子工作变动搬家回老家等原因遗弃，有病就医，疫苗打全，猫咪适龄绝育，不笼养，工作收入稳定，签领养协议，和猫猫拍一张合照，不喂差粮毒粮。拒绝冲动，请三思。（本地人优先，自住房优先，家庭领养优先）",
                "adoptStatus": "待领养",
                "sourceType": "nice_help",
                "sourceRemark": "不到2个月的时候出现在街猫把自己照顾的好好的小鼻嘎被我直接捞走。",
                "characterDescription": "活泼开朗爱玩亲人亲猫",
                "applyStatus": "pass",
                "rejectReason": "",
                "isDelete": 0,
                "showScopes": null,
                "popularUpdateTime": null,
                "topUpdateTime": null,
                "infoUpdateTime": "2025-01-18 16:11:24",
                "applyUpdateTime": null,
                "adoptUpdateTime": null,
                "refreshTime": "2025-01-18 16:11:24",
                "createTime": "2025-01-18 16:11:24",
                "updateTime": "2025-01-21 23:45:16",
                "isAdopt": 1,
                "isAdoptCloud": 0,
                "isIdCard": 1,
                "rollBackAgreement": null,
                "remark": "",
                "shelfActionId": null,
                "isHalfway": 0
            },
            {
                "petId": 142951,
                "oldPetId": "2c9244fd836eb6d201840fde020e45b2",
                "petName": "点点",
                "petCode": "P221025018",
                "petType": "cat",
                "petTypeRemark": null,
                "petTypeBreed": "",
                "uuid": 1102490,
                "historyUuids": null,
                "rejectAdoptUuids": null,
                "employeeUuid": 1010078,
                "avatar": "https://img.hellothepaw.net/inpet/pet/cd8f3a49f0bd4841916a05d2606142e2.png",
                "sex": 2,
                "weight": "5.00",
                "weightType": "小型",
                "ageType": "成年",
                "ageMonth": "24",
                "hairType": "针毛",
                "hairLength": "短毛",
                "isHealth": 0,
                "healthDescription": "右眼眼球摘除，其余健康良好。",
                "adoptNeedAddress": "广东省,广州市,无;广东省,深圳市,无;广东省,佛山市,无;广东省,东莞市,无;广东省,中山市,无",
                "isVaccine": 1,
                "isDeworm": 1,
                "isNeuter": 1,
                "isShared": 0,
                "isTop": 0,
                "topNumber": 0,
                "latitude": "22.794498",
                "longitude": "113.532257",
                "address": "广东省广州市南沙区双山大道3号",
                "addressName": "广州南沙万达广场",
                "city": "广州市",
                "province": "广东省",
                "imgs": "https://img.hellothepaw.net/inpet/pet/cd8f3a49f0bd4841916a05d2606142e2.png,https://img.hellothepaw.net/inpet/pet/b3f65664185b414582c6d42658cb457c.png,https://img.hellothepaw.net/inpet/pet/99b5249d152d43fc847235ff2be7a069.png,https://img.hellothepaw.net/inpet/pet/bafc0171dea74bdba06cc7b5fbf1a304.png,https://img.hellothepaw.net/inpet/pet/c2734ec7db3f4d5c967a299f6ce68db5.png,https://img.hellothepaw.net/inpet/pet/c1e9525ee9e14c55a46b927de038740b.png,https://img.hellothepaw.net/inpet/pet/749d17e5367f48ada57bd1c2f12bf6de.png",
                "petDescription": "点点虽然是单眼，但丝毫不影响它散发一种气质，希望遇到一个永远相伴的主人，残疾的身体拥有不残缺的猫生。",
                "adoptConditions": "认可怀孕养小孩与养猫没有冲突，勇于向家人科普科学养宠观，封窗，不会因为工作变动出差搬家结婚生育等个人原因弃养。出差旅游回乡选择正规宠物店寄养，而不是让熟人同学同事等代养，以免走丢或者发生意外。",
                "adoptStatus": "待领养",
                "sourceType": "nice_help",
                "sourceRemark": "小区遇到一只右眼坏死的流浪小猫，于是救助送去医院做了眼部手术。",
                "characterDescription": "粘人温柔",
                "applyStatus": "pass",
                "rejectReason": "",
                "isDelete": 0,
                "showScopes": null,
                "popularUpdateTime": null,
                "topUpdateTime": null,
                "infoUpdateTime": "2022-10-29 17:06:59",
                "applyUpdateTime": null,
                "adoptUpdateTime": "2022-10-29 17:06:59",
                "refreshTime": "2025-01-17 14:02:42",
                "createTime": "2022-10-25 23:58:39",
                "updateTime": "2025-01-17 14:02:42",
                "isAdopt": 1,
                "isAdoptCloud": 0,
                "isIdCard": 1,
                "rollBackAgreement": null,
                "remark": "",
                "shelfActionId": null,
                "isHalfway": 0
            },
            {
                "petId": 148302,
                "oldPetId": null,
                "petName": "臭臭",
                "petCode": "C2401020002",
                "petType": "cat",
                "petTypeRemark": null,
                "petTypeBreed": "",
                "uuid": 1045394,
                "historyUuids": null,
                "rejectAdoptUuids": null,
                "employeeUuid": 1010078,
                "avatar": "https://img.hellothepaw.net/adopt/aliyun_1721312314681667.png",
                "sex": 1,
                "weight": "0.70",
                "weightType": "小型",
                "ageType": "幼年",
                "ageMonth": "7",
                "hairType": "针毛",
                "hairLength": "短毛",
                "isHealth": 1,
                "healthDescription": "",
                "adoptNeedAddress": "广东省,佛山市,无;广东省,东莞市,无;广东省,中山市,无;广东省,广州市,无",
                "isVaccine": 0,
                "isDeworm": 1,
                "isNeuter": 0,
                "isShared": 1,
                "isTop": 0,
                "topNumber": 0,
                "latitude": "22.767111",
                "longitude": "113.611053",
                "address": "广东省广州市南沙区地铁4号线",
                "addressName": "南沙客运港[地铁站]",
                "city": "广州市",
                "province": "广东省",
                "imgs": "https://img.hellothepaw.net/adopt/aliyun_1721312314681667.png,https://img.hellothepaw.net/adopt/aliyun_1721312317618543.png,https://img.hellothepaw.net/adopt/aliyun_172131258281588.png",
                "petDescription": "猫咪目前7个多月，活泼好动粘人，曾经得过猫传腹，现已治愈，希望找一个不离不弃负责任的家长。",
                "adoptConditions": "科学喂养，不离不弃",
                "adoptStatus": "待领养",
                "sourceType": "nice_help",
                "sourceRemark": "去喂流浪猫时发现饿到严重脱水的小奶猫，所以带回家护理",
                "characterDescription": "活动好动",
                "applyStatus": "pass",
                "rejectReason": "",
                "isDelete": 0,
                "showScopes": null,
                "popularUpdateTime": null,
                "topUpdateTime": null,
                "infoUpdateTime": "2024-07-18 22:23:18",
                "applyUpdateTime": null,
                "adoptUpdateTime": null,
                "refreshTime": "2025-01-15 00:24:24",
                "createTime": "2024-01-02 08:15:37",
                "updateTime": "2025-01-15 00:24:23",
                "isAdopt": 1,
                "isAdoptCloud": 0,
                "isIdCard": 1,
                "rollBackAgreement": null,
                "remark": "",
                "shelfActionId": null,
                "isHalfway": 0
            },
            {
                "petId": 149235,
                "oldPetId": null,
                "petName": "玄武",
                "petCode": "C2411160001",
                "petType": "cat",
                "petTypeRemark": null,
                "petTypeBreed": "",
                "uuid": 1045394,
                "historyUuids": null,
                "rejectAdoptUuids": null,
                "employeeUuid": 1010038,
                "avatar": "https://img.hellothepaw.net/adopt/aliyun_1731686031514745.png",
                "sex": 1,
                "weight": "4.00",
                "weightType": "小型",
                "ageType": "成年",
                "ageMonth": "24",
                "hairType": "针毛",
                "hairLength": "长毛",
                "isHealth": 1,
                "healthDescription": "",
                "adoptNeedAddress": "广东省,广州市,无;广东省,深圳市,无;广东省,佛山市,无;广东省,东莞市,无;广东省,中山市,无",
                "isVaccine": 1,
                "isDeworm": 1,
                "isNeuter": 1,
                "isShared": 0,
                "isTop": 0,
                "topNumber": 0,
                "latitude": "23.132063",
                "longitude": "113.407082",
                "address": "广东省广州市黄村--南沙客运港",
                "addressName": "地铁4号线",
                "city": "广州市",
                "province": "广东省",
                "imgs": "https://img.hellothepaw.net/adopt/aliyun_1731686031514745.png,https://img.hellothepaw.net/adopt/aliyun_1731686036248377.png,https://img.hellothepaw.net/adopt/aliyun_1731686041011315.png,https://img.hellothepaw.net/adopt/aliyun_1731686046026373.png,https://img.hellothepaw.net/adopt/aliyun_1731686049370655.png",
                "petDescription": "在小区捡到的猫咪，遇到它时有一只眼睛溃疡，滴了一段时间眼药水已治愈，但眼球留下了一块白斑疤痕，不影响视力，不仔细看不明显。猫咪性格亲人，偶尔会发点小脾气，颜值高又帅气，希望能找到一个靠谱的不离不弃的主人。",
                "adoptConditions": "有责任心，能做到不离不弃",
                "adoptStatus": "待领养",
                "sourceType": "nice_help",
                "sourceRemark": "在户外捡到",
                "characterDescription": "好动亲人",
                "applyStatus": "pass",
                "rejectReason": "",
                "isDelete": 0,
                "showScopes": null,
                "popularUpdateTime": null,
                "topUpdateTime": null,
                "infoUpdateTime": "2024-11-16 00:03:39",
                "applyUpdateTime": null,
                "adoptUpdateTime": null,
                "refreshTime": "2025-01-15 00:24:16",
                "createTime": "2024-11-16 00:03:39",
                "updateTime": "2025-01-15 00:24:16",
                "isAdopt": 1,
                "isAdoptCloud": 0,
                "isIdCard": 1,
                "rollBackAgreement": null,
                "remark": "",
                "shelfActionId": null,
                "isHalfway": 0
            },
            {
                "petId": 149313,
                "oldPetId": null,
                "petName": "咪咪",
                "petCode": "C2501140001",
                "petType": "cat",
                "petTypeRemark": null,
                "petTypeBreed": "",
                "uuid": 1334795,
                "historyUuids": null,
                "rejectAdoptUuids": null,
                "employeeUuid": 1010078,
                "avatar": "https://img.hellothepaw.net/adopt/aliyun_1736847759001839.png",
                "sex": 1,
                "weight": "2.50",
                "weightType": "小型",
                "ageType": "幼年",
                "ageMonth": "3",
                "hairType": "针毛",
                "hairLength": "短毛",
                "isHealth": 0,
                "healthDescription": "曾经有猫瘟，现在已痊愈",
                "adoptNeedAddress": "广东省,惠州市,惠城区",
                "isVaccine": 0,
                "isDeworm": 1,
                "isNeuter": 0,
                "isShared": 1,
                "isTop": 0,
                "topNumber": 0,
                "latitude": "23.084063",
                "longitude": "114.407234",
                "address": "广东省惠州市惠城区南坛北路36号滨江苑C栋1层01号",
                "addressName": "小乐宠物医院·猫友好·心脏专科",
                "city": "惠州市",
                "province": "广东省",
                "imgs": "https://img.hellothepaw.net/adopt/aliyun_1736847759001839.png",
                "petDescription": "开朗活泼，粘人可爱～",
                "adoptConditions": "有个人经济能力，要做好对猫咪负责的人",
                "adoptStatus": "待领养",
                "sourceType": "nice_help",
                "sourceRemark": "性格活泼好动，几天大的时候捡到的，医院的护士们帮忙喂奶养大的，粘人可爱，",
                "characterDescription": "活泼好动，可爱粘人",
                "applyStatus": "pass",
                "rejectReason": "",
                "isDelete": 0,
                "showScopes": null,
                "popularUpdateTime": null,
                "topUpdateTime": null,
                "infoUpdateTime": "2025-01-14 17:45:23",
                "applyUpdateTime": null,
                "adoptUpdateTime": null,
                "refreshTime": "2025-01-14 17:45:23",
                "createTime": "2025-01-14 17:45:23",
                "updateTime": "2025-01-21 23:44:08",
                "isAdopt": 1,
                "isAdoptCloud": 0,
                "isIdCard": 0,
                "rollBackAgreement": null,
                "remark": "",
                "shelfActionId": null,
                "isHalfway": 0
            },
            {
                "petId": 148424,
                "oldPetId": null,
                "petName": "淼淼",
                "petCode": "D2402160001",
                "petType": "dog",
                "petTypeRemark": null,
                "petTypeBreed": "",
                "uuid": 1138921,
                "historyUuids": null,
                "rejectAdoptUuids": null,
                "employeeUuid": 1010078,
                "avatar": "https://img.hellothepaw.net/adopt/aliyun_170804547116259.png",
                "sex": 2,
                "weight": "30.00",
                "weightType": "中型",
                "ageType": "成年",
                "ageMonth": "24",
                "hairType": "针毛",
                "hairLength": "短毛",
                "isHealth": 1,
                "healthDescription": "",
                "adoptNeedAddress": "广东省,广州市,无",
                "isVaccine": 1,
                "isDeworm": 1,
                "isNeuter": 0,
                "isShared": 0,
                "isTop": 0,
                "topNumber": 0,
                "latitude": "23.278034",
                "longitude": "113.81441",
                "address": "广东省广州市增城区地铁21号线",
                "addressName": "增城广场[地铁站]",
                "city": "广州市",
                "province": "广东省",
                "imgs": "https://img.hellothepaw.net/adopt/aliyun_170804547116259.png",
                "petDescription": "淼淼性格很好，特别亲人，深得基地负责人喜爱，希望她能重新回归家庭，享受独宠，也为慧眼识珠的你带来极佳的宠物陪伴体验",
                "adoptConditions": "家庭养宠，不接受工厂农场等看门工作；\n家庭全体成员一致喜欢狗狗进入家庭；\n有养大型犬经验者为佳；\n经济独立，稳定住所，不接受学生领养；\n办狗证，科学喂养，不喂廉价毒狗粮和剩饭菜；\n定期驱虫疫苗，适龄绝育，有病积极医治；\n接受家访和回访",
                "adoptStatus": "待领养",
                "sourceType": "nice_help",
                "sourceRemark": "淼淼是被救于湛江狗肉车的一批大狗的其中之一，目前分流安置在增城基地",
                "characterDescription": "亲人，听话，懂事",
                "applyStatus": "pass",
                "rejectReason": "",
                "isDelete": 0,
                "showScopes": null,
                "popularUpdateTime": null,
                "topUpdateTime": null,
                "infoUpdateTime": "2024-02-16 09:20:31",
                "applyUpdateTime": null,
                "adoptUpdateTime": null,
                "refreshTime": "2025-01-13 23:45:45",
                "createTime": "2024-02-16 09:20:31",
                "updateTime": "2025-01-13 23:45:45",
                "isAdopt": 1,
                "isAdoptCloud": 0,
                "isIdCard": 1,
                "rollBackAgreement": null,
                "remark": "",
                "shelfActionId": null,
                "isHalfway": 0
            },
            {
                "petId": 148661,
                "oldPetId": null,
                "petName": "棉花糖",
                "petCode": "D2405020004",
                "petType": "dog",
                "petTypeRemark": null,
                "petTypeBreed": "",
                "uuid": 1138921,
                "historyUuids": null,
                "rejectAdoptUuids": null,
                "employeeUuid": 1010078,
                "avatar": "https://img.hellothepaw.net/adopt/aliyun_1714655718993688.png",
                "sex": 2,
                "weight": "25.00",
                "weightType": "大型",
                "ageType": "成年",
                "ageMonth": "12",
                "hairType": "针毛",
                "hairLength": "中毛",
                "isHealth": 1,
                "healthDescription": "",
                "adoptNeedAddress": "广东省,广州市,无;广东省,深圳市,无;广东省,东莞市,无",
                "isVaccine": 1,
                "isDeworm": 1,
                "isNeuter": 1,
                "isShared": 0,
                "isTop": 0,
                "topNumber": 0,
                "latitude": "22.84542",
                "longitude": "114.07094",
                "address": "广东省东莞市塘厦镇林村社区东红路西",
                "addressName": "东莞南站",
                "city": "东莞市",
                "province": "广东省",
                "imgs": "https://img.hellothepaw.net/adopt/aliyun_1714655718993688.png,https://img.hellothepaw.net/adopt/aliyun_1714655720307506.png,https://img.hellothepaw.net/adopt/aliyun_1714655721261196.png,https://img.hellothepaw.net/adopt/aliyun_1714655722176242.png,https://img.hellothepaw.net/adopt/aliyun_1714655723129832.png,https://img.hellothepaw.net/adopt/aliyun_1714655724039661.png",
                "petDescription": "狗狗相当听话，超级温暖，喜欢大狗的你值得拥有！",
                "adoptConditions": "家庭养宠，不接受工厂农场等看门工作；\n家庭全体成员一致喜欢狗狗进入家庭；\n有养大型犬经验者为佳；\n经济独立，稳定住所，不接受学生领养；\n办狗证，科学喂养，不喂廉价毒狗粮和剩饭菜；\n定期驱虫疫苗，适龄绝育，有病积极医治；\n接受家访和回访",
                "adoptStatus": "待领养",
                "sourceType": "nice_help",
                "sourceRemark": "狗狗被绑在工厂一年多才获救",
                "characterDescription": "相当听话",
                "applyStatus": "pass",
                "rejectReason": "",
                "isDelete": 0,
                "showScopes": null,
                "popularUpdateTime": null,
                "topUpdateTime": null,
                "infoUpdateTime": "2024-05-02 21:20:00",
                "applyUpdateTime": null,
                "adoptUpdateTime": null,
                "refreshTime": "2025-01-13 23:45:03",
                "createTime": "2024-05-02 21:20:00",
                "updateTime": "2025-01-13 23:45:02",
                "isAdopt": 1,
                "isAdoptCloud": 0,
                "isIdCard": 1,
                "rollBackAgreement": null,
                "remark": "",
                "shelfActionId": null,
                "isHalfway": 0
            },
            {
                "petId": 148676,
                "oldPetId": null,
                "petName": "牙牙",
                "petCode": "C2405060002",
                "petType": "cat",
                "petTypeRemark": null,
                "petTypeBreed": "",
                "uuid": 1021034,
                "historyUuids": null,
                "rejectAdoptUuids": null,
                "employeeUuid": 1010078,
                "avatar": "https://img.hellothepaw.net/adopt/aliyun_1716091488936595.png",
                "sex": 1,
                "weight": "5.00",
                "weightType": "小型",
                "ageType": "成年",
                "ageMonth": "24",
                "hairType": "针毛",
                "hairLength": "短毛",
                "isHealth": 1,
                "healthDescription": "",
                "adoptNeedAddress": "广东省,广州市,荔湾区;广东省,广州市,越秀区;广东省,广州市,海珠区;广东省,广州市,天河区;广东省,广州市,白云区;广东省,广州市,番禺区",
                "isVaccine": 0,
                "isDeworm": 1,
                "isNeuter": 1,
                "isShared": 0,
                "isTop": 0,
                "topNumber": 0,
                "latitude": "22.935505",
                "longitude": "113.385635",
                "address": "广东省广州市番禺区地铁3号线,地铁18号线,地铁22号线",
                "addressName": "番禺广场[地铁站]",
                "city": "广州市",
                "province": "广东省",
                "imgs": "https://img.hellothepaw.net/adopt/aliyun_1716091488936595.png,https://img.hellothepaw.net/adopt/aliyun_1716091602174283.png,https://img.hellothepaw.net/adopt/aliyun_171609162127778.png,https://img.hellothepaw.net/adopt/aliyun_1716091642899538.png,https://img.hellothepaw.net/adopt/aliyun_1716091710272292.png,https://img.hellothepaw.net/adopt/aliyun_1716091735489373.png",
                "petDescription": "狸花猫的优点牙牙都有.体质好.亲人但有点敏感.胆子不大也不小.不挑食.叫声小很嗲.性格活泼但也调皮爱捣蛋.会抱住人踢咬.和其他猫合不来爱挑衅打架所以适合独养.",
                "adoptConditions": "（因牙牙和其他猫相处不和谐会打架所以适合独养）\n1、科学喂养，定期驱虫免疫，生病及时就医\n2、全家同意领养，不因搬家、工作变动、怀孕等理由抛弃，如决定退养请还给救助人，不得转送、售卖或遗弃\n3、实名领养，签署协议，留身份证复印件\n4、接受家访，送宠上门，不定期反馈照片或视频\n5、必封窗，不散养\n6、经济独立稳定",
                "adoptStatus": "待领养",
                "sourceType": "nice_help",
                "sourceRemark": "牙牙曾是送养人楼下一只流浪猫.去年10月份发现其瘸手因此救助.送往医院检查是骨裂.并发现其剪过指甲猜测是被遗弃.后已康复并无后遗症.",
                "characterDescription": "活泼调皮 有点敏感",
                "applyStatus": "pass",
                "rejectReason": "",
                "isDelete": 0,
                "showScopes": null,
                "popularUpdateTime": null,
                "topUpdateTime": null,
                "infoUpdateTime": "2024-10-15 16:14:21",
                "applyUpdateTime": null,
                "adoptUpdateTime": null,
                "refreshTime": "2025-01-11 13:23:13",
                "createTime": "2024-05-06 03:06:58",
                "updateTime": "2025-01-11 13:23:13",
                "isAdopt": 1,
                "isAdoptCloud": 0,
                "isIdCard": 1,
                "rollBackAgreement": null,
                "remark": "有疱疹病史但不严重（能自愈的程度）以后可能复发",
                "shelfActionId": null,
                "isHalfway": 0
            },
            {
                "petId": 149273,
                "oldPetId": null,
                "petName": "包包",
                "petCode": "C2412100001",
                "petType": "cat",
                "petTypeRemark": null,
                "petTypeBreed": "",
                "uuid": 1145618,
                "historyUuids": null,
                "rejectAdoptUuids": null,
                "employeeUuid": 1010038,
                "avatar": "https://img.hellothepaw.net/adopt/aliyun_1733816916888502.png",
                "sex": 1,
                "weight": "4.50",
                "weightType": "小型",
                "ageType": "成年",
                "ageMonth": "12",
                "hairType": "针毛",
                "hairLength": "短毛",
                "isHealth": 1,
                "healthDescription": "",
                "adoptNeedAddress": "广东省,广州市,无",
                "isVaccine": 1,
                "isDeworm": 1,
                "isNeuter": 1,
                "isShared": 0,
                "isTop": 0,
                "topNumber": 0,
                "latitude": "23.125778",
                "longitude": "113.316498",
                "address": "广东省广州市天河区华强路2号富力盈丰大厦",
                "addressName": "富力盈丰大厦A座",
                "city": "广州市",
                "province": "广东省",
                "imgs": "https://img.hellothepaw.net/adopt/aliyun_1733816916888502.png,https://img.hellothepaw.net/adopt/aliyun_1733816921466927.png,https://img.hellothepaw.net/adopt/aliyun_1733816926337287.png,https://img.hellothepaw.net/adopt/aliyun_1733816930207570.png,https://img.hellothepaw.net/adopt/aliyun_1733816936383242.png",
                "petDescription": "非常亲人的猫咪，性格稳定。可与小型犬和谐共处，大型犬未知。但是家里不可多猫，仅可有他一只猫，否则会导致压力。",
                "adoptConditions": "全屋封网，不合租，非学生，全家同意，有固定收入，每天都能抽时间陪伴猫，有病送医，接受回访，科学喂养。",
                "adoptStatus": "待领养",
                "sourceType": "nice_help",
                "sourceRemark": "在广外校园流浪多时，由学生救助，送到我们办公室寄养找家。",
                "characterDescription": "非常亲人，嗲，安静",
                "applyStatus": "pass",
                "rejectReason": "",
                "isDelete": 0,
                "showScopes": null,
                "popularUpdateTime": null,
                "topUpdateTime": null,
                "infoUpdateTime": "2024-12-10 15:53:14",
                "applyUpdateTime": null,
                "adoptUpdateTime": null,
                "refreshTime": "2025-01-10 12:08:19",
                "createTime": "2024-12-10 15:53:14",
                "updateTime": "2025-01-10 12:08:19",
                "isAdopt": 1,
                "isAdoptCloud": 0,
                "isIdCard": 1,
                "rollBackAgreement": null,
                "remark": "",
                "shelfActionId": null,
                "isHalfway": 0
            },
            {
                "petId": 149311,
                "oldPetId": null,
                "petName": "小三花",
                "petCode": "C2501070002",
                "petType": "cat",
                "petTypeRemark": null,
                "petTypeBreed": "",
                "uuid": 1338849,
                "historyUuids": null,
                "rejectAdoptUuids": null,
                "employeeUuid": 1010038,
                "avatar": "https://img.hellothepaw.net/adopt/aliyun_1736417301753660.png",
                "sex": 2,
                "weight": "1.00",
                "weightType": "小型",
                "ageType": "幼年",
                "ageMonth": "2",
                "hairType": "针毛",
                "hairLength": "短毛",
                "isHealth": 1,
                "healthDescription": "",
                "adoptNeedAddress": "无,无,无",
                "isVaccine": 0,
                "isDeworm": 0,
                "isNeuter": 0,
                "isShared": 0,
                "isTop": 0,
                "topNumber": 0,
                "latitude": "23.123817",
                "longitude": "113.338585",
                "address": "广东省广州市天河区",
                "addressName": "冼村街道",
                "city": "广州市",
                "province": "广东省",
                "imgs": "https://img.hellothepaw.net/adopt/aliyun_1736417301753660.png,https://img.hellothepaw.net/adopt/aliyun_1736417305866677.png,https://img.hellothepaw.net/adopt/aliyun_1736417331404462.png,https://img.hellothepaw.net/adopt/aliyun_1736417334296218.png",
                "petDescription": "乖巧懂事软糯的小女生，你陪她的时候就咕噜噜的黏人，不陪的时候就独立睡觉觉。有一个哥哥，兄妹可一起领养也可分开",
                "adoptConditions": "封窗封阳台，取得家人同意，能接受送猫上门签订领养协议，学生党勿扰。",
                "adoptStatus": "待领养",
                "sourceType": "nice_help",
                "sourceRemark": "流浪猫妈妈生产完三天出去找吃的被车撞死了，留下一窝脐带都还在的宝宝，猫毛严重过敏的我无奈救助人工喂奶。再找不到领养真的只能放归了，身体已经到达极限",
                "characterDescription": "呆萌黏人，让抱让亲，不调皮",
                "applyStatus": "pass",
                "rejectReason": "",
                "isDelete": 0,
                "showScopes": null,
                "popularUpdateTime": null,
                "topUpdateTime": null,
                "infoUpdateTime": "2025-01-09 18:09:34",
                "applyUpdateTime": null,
                "adoptUpdateTime": null,
                "refreshTime": "2025-01-09 18:09:34",
                "createTime": "2025-01-07 05:34:16",
                "updateTime": "2025-01-09 18:17:46",
                "isAdopt": 1,
                "isAdoptCloud": 0,
                "isIdCard": 1,
                "rollBackAgreement": null,
                "remark": "",
                "shelfActionId": null,
                "isHalfway": 0
            }
        ],
        "total": 732,
        "size": 10,
        "current": 9,
        "orders": [],
        "optimizeCountSql": true,
        "searchCount": true,
        "countId": null,
        "maxLimit": null,
        "pages": 74
    },
    "ok": true,
    "succeed": true
}